#
# There is insufficient memory for the Java Runtime Environment to continue.
# Native memory allocation (malloc) failed to allocate 930704 bytes. Error detail: Chunk::new
# Possible reasons:
#   The system is out of physical RAM or swap space
#   This process is running with CompressedOops enabled, and the Java Heap may be blocking the growth of the native heap
# Possible solutions:
#   Reduce memory load on the system
#   Increase physical memory or swap space
#   Check if swap backing store is full
#   Decrease Java heap size (-Xmx/-Xms)
#   Decrease number of Java threads
#   Decrease Java thread stack sizes (-Xss)
#   Set larger code cache with -XX:ReservedCodeCacheSize=
#   JVM is running with Unscaled Compressed Oops mode in which the Java heap is
#     placed in the first 4GB address space. The Java Heap base address is the
#     maximum limit for the native heap growth. Please use -XX:HeapBaseMinAddress
#     to set the Java Heap base and to place the Java Heap above 4GB virtual address.
# This output file may be truncated or incomplete.
#
#  Out of Memory Error (arena.cpp:168), pid=30112, tid=15132
#
# JRE version: OpenJDK Runtime Environment Temurin-21.0.9+10 (21.0.9+10) (build 21.0.9+10-LTS)
# Java VM: OpenJDK 64-Bit Server VM Temurin-21.0.9+10 (21.0.9+10-LTS, mixed mode, sharing, tiered, compressed oops, compressed class ptrs, g1 gc, windows-amd64)
# No core dump will be written. Minidumps are not enabled by default on client versions of Windows
#

---------------  S U M M A R Y ------------

Command Line: --add-opens=java.base/java.lang=ALL-UNNAMED --add-opens=java.base/java.lang.invoke=ALL-UNNAMED --add-opens=java.base/java.util=ALL-UNNAMED --add-opens=java.prefs/java.util.prefs=ALL-UNNAMED --add-exports=jdk.compiler/com.sun.tools.javac.api=ALL-UNNAMED --add-exports=jdk.compiler/com.sun.tools.javac.util=ALL-UNNAMED --add-opens=java.base/java.util=ALL-UNNAMED --add-opens=java.prefs/java.util.prefs=ALL-UNNAMED --add-opens=java.base/java.nio.charset=ALL-UNNAMED --add-opens=java.base/java.net=ALL-UNNAMED --add-opens=java.base/java.util.concurrent=ALL-UNNAMED --add-opens=java.base/java.util.concurrent.atomic=ALL-UNNAMED --add-opens=java.xml/javax.xml.namespace=ALL-UNNAMED --add-opens=java.base/java.time=ALL-UNNAMED -XX:MaxMetaspaceSize=512m -Xmx2048m -Dfile.encoding=UTF-8 -Duser.country=IN -Duser.language=en -Duser.variant -javaagent:C:\Users\Jai\.gradle\wrapper\dists\gradle-9.3.1-bin\23ovyewtku6u96viwx3xl3oks\gradle-9.3.1\lib\agents\gradle-instrumentation-agent-9.3.1.jar org.gradle.launcher.daemon.bootstrap.GradleDaemon 9.3.1

Host: 13th Gen Intel(R) Core(TM) i5-13450HX, 16 cores, 23G,  Windows 11 , 64 bit Build 26100 (10.0.26100.8875)
Time: Wed Aug  5 19:07:38 2026 India Standard Time elapsed time: 33.508085 seconds (0d 0h 0m 33s)

---------------  T H R E A D  ---------------

Current thread (0x000001ae255d6120):  JavaThread "C2 CompilerThread0" daemon [_thread_in_native, id=15132, stack(0x00000093f7a00000,0x00000093f7b00000) (1024K)]


Current CompileTask:
C2:33508 18513       4       org.gradle.internal.reflect.JavaReflectionUtil::getAnnotation (101 bytes)

Stack: [0x00000093f7a00000,0x00000093f7b00000]
Native frames: (J=compiled Java code, j=interpreted, Vv=VM code, C=native code)
V  [jvm.dll+0x6d6e29]
V  [jvm.dll+0x8b4b76]
V  [jvm.dll+0x8b712e]
V  [jvm.dll+0x8b7813]
V  [jvm.dll+0x283d86]
V  [jvm.dll+0xc66ed]
V  [jvm.dll+0xc6c31]
V  [jvm.dll+0x3be53b]
V  [jvm.dll+0x38ab92]
V  [jvm.dll+0x389fda]
V  [jvm.dll+0x24bfa0]
V  [jvm.dll+0x24b580]
V  [jvm.dll+0x1cb13e]
V  [jvm.dll+0x25b29d]
V  [jvm.dll+0x25982a]
V  [jvm.dll+0x3f7ea6]
V  [jvm.dll+0x85e9ad]
V  [jvm.dll+0x6d565d]
C  [ucrtbase.dll+0x2cd30]
C  [KERNEL32.DLL+0x2e957]
C  [ntdll.dll+0xaad6c]


---------------  P R O C E S S  ---------------

Threads class SMR info:
_java_thread_list=0x000001ae4aa36890, length=248, elements={
0x000001ae07d63500, 0x000001ae255ad850, 0x000001ae255b02b0, 0x000001ae255b3f80,
0x000001ae255b7e80, 0x000001ae255b88d0, 0x000001ae255b9320, 0x000001ae255d6120,
0x000001ae255fd440, 0x000001ae255fdb10, 0x000001ae257b2190, 0x000001ae4503dda0,
0x000001ae467a6bd0, 0x000001ae46b3bee0, 0x000001ae46b463b0, 0x000001ae46d9b490,
0x000001ae46d9c330, 0x000001ae46d9fe00, 0x000001ae46974ad0, 0x000001ae46973db0,
0x000001ae46973090, 0x000001ae46971650, 0x000001ae46973720, 0x000001ae46972a00,
0x000001ae46974440, 0x000001ae4950f670, 0x000001ae4950fd00, 0x000001ae4950efe0,
0x000001ae4950c880, 0x000001ae4950e2c0, 0x000001ae49510390, 0x000001ae4950cf10,
0x000001ae49510a20, 0x000001ae4950d5a0, 0x000001ae49511740, 0x000001ae49511dd0,
0x000001ae49513ea0, 0x000001ae4747df90, 0x000001ae4747d270, 0x000001ae47480060,
0x000001ae4747f9d0, 0x000001ae47480d80, 0x000001ae47481410, 0x000001ae47482130,
0x000001ae47481aa0, 0x000001ae474827c0, 0x000001ae47482e50, 0x000001ae474834e0,
0x000001ae47483b70, 0x000001ae47484200, 0x000001ae47e2f1a0, 0x000001ae47e31270,
0x000001ae47e2eb10, 0x000001ae47e32620, 0x000001ae47e30550, 0x000001ae47e2f830,
0x000001ae47e32cb0, 0x000001ae47e33340, 0x000001ae47e31f90, 0x000001ae47e30be0,
0x000001ae47e31900, 0x000001ae47e2fec0, 0x000001ae47e34d80, 0x000001ae47e35aa0,
0x000001ae47e35410, 0x000001ae47e36130, 0x000001ae47e339d0, 0x000001ae47e34060,
0x000001ae47e346f0, 0x000001ae474b3180, 0x000001ae474b2af0, 0x000001ae474b2460,
0x000001ae474b3810, 0x000001ae474b1740, 0x000001ae474b3ea0, 0x000001ae474b4530,
0x000001ae474b4bc0, 0x000001ae474b5250, 0x000001ae474b1dd0, 0x000001ae474b5f70,
0x000001ae474b6600, 0x000001ae474b6c90, 0x000001ae474b7320, 0x000001ae474b8040,
0x000001ae4c113130, 0x000001ae4c1137c0, 0x000001ae4c118680, 0x000001ae4c1172d0,
0x000001ae4c113e50, 0x000001ae4c119a30, 0x000001ae4c117960, 0x000001ae4c117ff0,
0x000001ae4c118d10, 0x000001ae4c1193a0, 0x000001ae474b86d0, 0x000001ae474b79b0,
0x000001ae495110b0, 0x000001ae4747cbe0, 0x000001ae49d4d490, 0x000001ae4a3dcd20,
0x000001ae4a3dda40, 0x000001ae4a3de760, 0x000001ae4a3dc690, 0x000001ae4a3dd3b0,
0x000001ae4a3dedf0, 0x000001ae4a3df480, 0x000001ae4a3dc000, 0x000001ae4a3dfb10,
0x000001ae4a3e2900, 0x000001ae4a3e1be0, 0x000001ae4a3e3620, 0x000001ae4a3e2270,
0x000001ae4a3e2f90, 0x000001ae4a3e01a0, 0x000001ae4a3e0830, 0x000001ae4a3e0ec0,
0x000001ae4a3e1550, 0x000001ae490a4180, 0x000001ae490a2740, 0x000001ae490a5530,
0x000001ae490a5bc0, 0x000001ae490a6250, 0x000001ae490a3af0, 0x000001ae490a4ea0,
0x000001ae490a2dd0, 0x000001ae490a3460, 0x000001ae490a68e0, 0x000001ae490a7600,
0x000001ae490a6f70, 0x000001ae490a7c90, 0x000001ae490a4810, 0x000001ae490a9d60,
0x000001ae490a8320, 0x000001ae490a89b0, 0x000001ae490a9040, 0x000001ae490a96d0,
0x000001ae4834d140, 0x000001ae4834a9e0, 0x000001ae48349cc0, 0x000001ae4834b700,
0x000001ae4834bd90, 0x000001ae4834c420, 0x000001ae4834d7d0, 0x000001ae4834a350,
0x000001ae4834cab0, 0x000001ae4834b070, 0x000001ae4834de60, 0x000001ae4834f210,
0x000001ae48350c50, 0x000001ae4834f8a0, 0x000001ae483512e0, 0x000001ae4834e4f0,
0x000001ae4834eb80, 0x000001ae4834ff30, 0x000001ae483505c0, 0x000001ae4a126060,
0x000001ae4a127aa0, 0x000001ae4a128130, 0x000001ae4a1287c0, 0x000001ae4a128e50,
0x000001ae4a1266f0, 0x000001ae4a129b70, 0x000001ae4a126d80, 0x000001ae4a12a200,
0x000001ae4a12a890, 0x000001ae4a127410, 0x000001ae4a12c960, 0x000001ae4a12af20,
0x000001ae4a12dd10, 0x000001ae4a12c2d0, 0x000001ae4a12cff0, 0x000001ae4a12e3a0,
0x000001ae4a12d680, 0x000001ae4a12ea30, 0x000001ae4a12b5b0, 0x000001ae4a12f0c0,
0x000001ae4a12bc40, 0x000001ae4a131eb0, 0x000001ae4a132bd0, 0x000001ae4a131190,
0x000001ae4a12f750, 0x000001ae4a133260, 0x000001ae4a131820, 0x000001ae4a12fde0,
0x000001ae4a132540, 0x000001ae4a1338f0, 0x000001ae4a130470, 0x000001ae4a133f80,
0x000001ae4a130b00, 0x000001ae4a134610, 0x000001ae4a134ca0, 0x000001ae4a135330,
0x000001ae49d4ba50, 0x000001ae49d4ce00, 0x000001ae49d4a6a0, 0x000001ae49d4b3c0,
0x000001ae4c1144e0, 0x000001ae4a455c90, 0x000001ae4a454250, 0x000001ae4a452ea0,
0x000001ae4a453530, 0x000001ae4a4548e0, 0x000001ae4a455600, 0x000001ae4a454f70,
0x000001ae4a456320, 0x000001ae4a4569b0, 0x000001ae4a457040, 0x000001ae4a453bc0,
0x000001ae4a4597a0, 0x000001ae4a4583f0, 0x000001ae4a459110, 0x000001ae4a459e30,
0x000001ae4a45a4c0, 0x000001ae4a457d60, 0x000001ae4a45ab50, 0x000001ae4a4576d0,
0x000001ae4a45b1e0, 0x000001ae4a458a80, 0x000001ae4a45dfd0, 0x000001ae4a45e660,
0x000001ae4a45bf00, 0x000001ae4a45ecf0, 0x000001ae4a45d2b0, 0x000001ae4a45c590,
0x000001ae4a45b870, 0x000001ae4a460730, 0x000001ae4a45f380, 0x000001ae4a45fa10,
0x000001ae4a45d940, 0x000001ae4a461450, 0x000001ae4a4600a0, 0x000001ae4a460dc0,
0x000001ae4a461ae0, 0x000001ae4603bd50, 0x000001ae4603f860, 0x000001ae4603e4b0,
0x000001ae47b68550, 0x000001ae47b69900, 0x000001ae47b69f90, 0x000001ae47b6ee50,
0x000001ae4b348d30, 0x000001ae4b34a0e0, 0x000001ae4b3493c0, 0x000001ae4b34a770,
0x000001ae4b34ae00, 0x000001ae4b349a50, 0x000001ae4b34b490, 0x000001ae4898ceb0
}

Java Threads: ( => current thread )
  0x000001ae07d63500 JavaThread "main"                              [_thread_blocked, id=6704, stack(0x00000093f6c00000,0x00000093f6d00000) (1024K)]
  0x000001ae255ad850 JavaThread "Reference Handler"          daemon [_thread_blocked, id=19260, stack(0x00000093f7400000,0x00000093f7500000) (1024K)]
  0x000001ae255b02b0 JavaThread "Finalizer"                  daemon [_thread_blocked, id=27116, stack(0x00000093f7500000,0x00000093f7600000) (1024K)]
  0x000001ae255b3f80 JavaThread "Signal Dispatcher"          daemon [_thread_blocked, id=8788, stack(0x00000093f7600000,0x00000093f7700000) (1024K)]
  0x000001ae255b7e80 JavaThread "Attach Listener"            daemon [_thread_blocked, id=18348, stack(0x00000093f7700000,0x00000093f7800000) (1024K)]
  0x000001ae255b88d0 JavaThread "Service Thread"             daemon [_thread_blocked, id=21612, stack(0x00000093f7800000,0x00000093f7900000) (1024K)]
  0x000001ae255b9320 JavaThread "Monitor Deflation Thread"   daemon [_thread_blocked, id=15936, stack(0x00000093f7900000,0x00000093f7a00000) (1024K)]
=>0x000001ae255d6120 JavaThread "C2 CompilerThread0"         daemon [_thread_in_native, id=15132, stack(0x00000093f7a00000,0x00000093f7b00000) (1024K)]
  0x000001ae255fd440 JavaThread "C1 CompilerThread0"         daemon [_thread_blocked, id=13316, stack(0x00000093f7b00000,0x00000093f7c00000) (1024K)]
  0x000001ae255fdb10 JavaThread "C1 CompilerThread1"         daemon [_thread_blocked, id=12612, stack(0x00000093f7c00000,0x00000093f7d00000) (1024K)]
  0x000001ae257b2190 JavaThread "Common-Cleaner"             daemon [_thread_blocked, id=27232, stack(0x00000093f7f00000,0x00000093f8000000) (1024K)]
  0x000001ae4503dda0 JavaThread "Notification Thread"        daemon [_thread_blocked, id=22796, stack(0x00000093f8000000,0x00000093f8100000) (1024K)]
  0x000001ae467a6bd0 JavaThread "Daemon health stats"               [_thread_blocked, id=34568, stack(0x00000093f8900000,0x00000093f8a00000) (1024K)]
  0x000001ae46b3bee0 JavaThread "Incoming local TCP Connector on port 64940"        [_thread_in_native, id=24248, stack(0x00000093f7d00000,0x00000093f7e00000) (1024K)]
  0x000001ae46b463b0 JavaThread "Daemon periodic checks"            [_thread_blocked, id=14252, stack(0x00000093f8d00000,0x00000093f8e00000) (1024K)]
  0x000001ae46d9b490 JavaThread "Daemon"                            [_thread_blocked, id=28100, stack(0x00000093f8e00000,0x00000093f8f00000) (1024K)]
  0x000001ae46d9c330 JavaThread "Handler for socket connection from /127.0.0.1:64940 to /127.0.0.1:64941"        [_thread_in_native, id=26352, stack(0x00000093f8f00000,0x00000093f9000000) (1024K)]
  0x000001ae46d9fe00 JavaThread "Cancel handler"                    [_thread_blocked, id=24348, stack(0x00000093f9000000,0x00000093f9100000) (1024K)]
  0x000001ae46974ad0 JavaThread "Daemon worker"                     [_thread_in_vm, id=17312, stack(0x00000093f9100000,0x00000093f9200000) (1024K)]
  0x000001ae46973db0 JavaThread "Asynchronous log dispatcher for DefaultDaemonConnection: socket connection from /127.0.0.1:64940 to /127.0.0.1:64941"        [_thread_blocked, id=14108, stack(0x00000093f9200000,0x00000093f9300000) (1024K)]
  0x000001ae46973090 JavaThread "Stdin handler"                     [_thread_blocked, id=11928, stack(0x00000093f9300000,0x00000093f9400000) (1024K)]
  0x000001ae46971650 JavaThread "Daemon client event forwarder"        [_thread_blocked, id=9972, stack(0x00000093f9400000,0x00000093f9500000) (1024K)]
  0x000001ae46973720 JavaThread "Cache worker for journal cache (C:\Users\Jai\.gradle\caches\journal-1)"        [_thread_blocked, id=14832, stack(0x00000093f9500000,0x00000093f9600000) (1024K)]
  0x000001ae46972a00 JavaThread "File lock request listener"        [_thread_in_native, id=8956, stack(0x00000093f9600000,0x00000093f9700000) (1024K)]
  0x000001ae46974440 JavaThread "Cache worker for file hash cache (C:\Users\Jai\.gradle\caches\9.3.1\fileHashes)"        [_thread_blocked, id=24264, stack(0x00000093f9700000,0x00000093f9800000) (1024K)]
  0x000001ae4950f670 JavaThread "Cache worker for file hash cache (C:\Users\Jai\Desktop\AI-Powered-Battery-Fitness-Assessment\source\android\.gradle\9.3.1\fileHashes)"        [_thread_blocked, id=5580, stack(0x00000093f8c00000,0x00000093f8d00000) (1024K)]
  0x000001ae4950fd00 JavaThread "Cache worker for Build Output Cleanup Cache (C:\Users\Jai\Desktop\AI-Powered-Battery-Fitness-Assessment\source\android\.gradle\buildOutputCleanup)"        [_thread_blocked, id=25504, stack(0x00000093f9e00000,0x00000093f9f00000) (1024K)]
  0x000001ae4950efe0 JavaThread "File lock release action executor"        [_thread_blocked, id=29152, stack(0x00000093f9f00000,0x00000093fa000000) (1024K)]
  0x000001ae4950c880 JavaThread "File watcher server"        daemon [_thread_in_native, id=30080, stack(0x00000093fa000000,0x00000093fa100000) (1024K)]
  0x000001ae4950e2c0 JavaThread "File watcher consumer"      daemon [_thread_blocked, id=21228, stack(0x00000093fa100000,0x00000093fa200000) (1024K)]
  0x000001ae49510390 JavaThread "Cache worker for checksums cache (C:\Users\Jai\Desktop\AI-Powered-Battery-Fitness-Assessment\source\android\.gradle\9.3.1\checksums)"        [_thread_blocked, id=33120, stack(0x00000093fa200000,0x00000093fa300000) (1024K)]
  0x000001ae4950cf10 JavaThread "Cache worker for file content cache (C:\Users\Jai\.gradle\caches\9.3.1\fileContent)"        [_thread_blocked, id=32040, stack(0x00000093fa300000,0x00000093fa400000) (1024K)]
  0x000001ae49510a20 JavaThread "Cache worker for cache directory md-supplier (C:\Users\Jai\.gradle\caches\9.3.1\md-supplier)"        [_thread_blocked, id=23352, stack(0x00000093fa400000,0x00000093fa500000) (1024K)]
  0x000001ae4950d5a0 JavaThread "Cache worker for cache directory md-rule (C:\Users\Jai\.gradle\caches\9.3.1\md-rule)"        [_thread_blocked, id=19192, stack(0x00000093fa500000,0x00000093fa600000) (1024K)]
  0x000001ae49511740 JavaThread "jar transforms"                    [_thread_blocked, id=12304, stack(0x00000093fa600000,0x00000093fa700000) (1024K)]
  0x000001ae49511dd0 JavaThread "Cache worker for Build Output Cleanup Cache (C:\Users\Jai\Desktop\AI-Powered-Battery-Fitness-Assessment\source\node_modules\@react-native\gradle-plugin\.gradle\buildOutputCleanup)"        [_thread_blocked, id=9908, stack(0x00000093fa900000,0x00000093faa00000) (1024K)]
  0x000001ae49513ea0 JavaThread "Unconstrained build operations"        [_thread_blocked, id=8412, stack(0x00000093fa700000,0x00000093fa800000) (1024K)]
  0x000001ae4747df90 JavaThread "Unconstrained build operations Thread 2"        [_thread_blocked, id=4432, stack(0x00000093fa800000,0x00000093fa900000) (1024K)]
  0x000001ae4747d270 JavaThread "Unconstrained build operations Thread 3"        [_thread_blocked, id=3844, stack(0x00000093faa00000,0x00000093fab00000) (1024K)]
  0x000001ae47480060 JavaThread "Unconstrained build operations Thread 4"        [_thread_blocked, id=7832, stack(0x00000093fac00000,0x00000093fad00000) (1024K)]
  0x000001ae4747f9d0 JavaThread "Unconstrained build operations Thread 5"        [_thread_blocked, id=24468, stack(0x00000093fad00000,0x00000093fae00000) (1024K)]
  0x000001ae47480d80 JavaThread "Unconstrained build operations Thread 6"        [_thread_blocked, id=14524, stack(0x00000093fae00000,0x00000093faf00000) (1024K)]
  0x000001ae47481410 JavaThread "Unconstrained build operations Thread 7"        [_thread_blocked, id=13428, stack(0x00000093faf00000,0x00000093fb000000) (1024K)]
  0x000001ae47482130 JavaThread "Unconstrained build operations Thread 8"        [_thread_blocked, id=11448, stack(0x00000093fb000000,0x00000093fb100000) (1024K)]
  0x000001ae47481aa0 JavaThread "Unconstrained build operations Thread 9"        [_thread_blocked, id=4288, stack(0x00000093fb100000,0x00000093fb200000) (1024K)]
  0x000001ae474827c0 JavaThread "Unconstrained build operations Thread 10"        [_thread_blocked, id=16944, stack(0x00000093fb200000,0x00000093fb300000) (1024K)]
  0x000001ae47482e50 JavaThread "Unconstrained build operations Thread 11"        [_thread_blocked, id=9864, stack(0x00000093fb300000,0x00000093fb400000) (1024K)]
  0x000001ae474834e0 JavaThread "Unconstrained build operations Thread 12"        [_thread_blocked, id=6652, stack(0x00000093fb400000,0x00000093fb500000) (1024K)]
  0x000001ae47483b70 JavaThread "Unconstrained build operations Thread 13"        [_thread_blocked, id=22704, stack(0x00000093fb500000,0x00000093fb600000) (1024K)]
  0x000001ae47484200 JavaThread "Unconstrained build operations Thread 14"        [_thread_blocked, id=17980, stack(0x00000093fb600000,0x00000093fb700000) (1024K)]
  0x000001ae47e2f1a0 JavaThread "Unconstrained build operations Thread 15"        [_thread_blocked, id=15700, stack(0x00000093fb700000,0x00000093fb800000) (1024K)]
  0x000001ae47e31270 JavaThread "Unconstrained build operations Thread 16"        [_thread_blocked, id=5748, stack(0x00000093fb800000,0x00000093fb900000) (1024K)]
  0x000001ae47e2eb10 JavaThread "Unconstrained build operations Thread 17"        [_thread_blocked, id=16960, stack(0x00000093fb900000,0x00000093fba00000) (1024K)]
  0x000001ae47e32620 JavaThread "Unconstrained build operations Thread 18"        [_thread_blocked, id=8888, stack(0x00000093fba00000,0x00000093fbb00000) (1024K)]
  0x000001ae47e30550 JavaThread "Unconstrained build operations Thread 19"        [_thread_blocked, id=23656, stack(0x00000093f8b00000,0x00000093f8c00000) (1024K)]
  0x000001ae47e2f830 JavaThread "Unconstrained build operations Thread 20"        [_thread_blocked, id=25332, stack(0x00000093fab00000,0x00000093fac00000) (1024K)]
  0x000001ae47e32cb0 JavaThread "Unconstrained build operations Thread 21"        [_thread_blocked, id=23588, stack(0x00000093fbb00000,0x00000093fbc00000) (1024K)]
  0x000001ae47e33340 JavaThread "Unconstrained build operations Thread 22"        [_thread_blocked, id=4764, stack(0x00000093fbc00000,0x00000093fbd00000) (1024K)]
  0x000001ae47e31f90 JavaThread "Unconstrained build operations Thread 23"        [_thread_blocked, id=12104, stack(0x00000093fbd00000,0x00000093fbe00000) (1024K)]
  0x000001ae47e30be0 JavaThread "Unconstrained build operations Thread 24"        [_thread_blocked, id=24184, stack(0x00000093fbe00000,0x00000093fbf00000) (1024K)]
  0x000001ae47e31900 JavaThread "Unconstrained build operations Thread 25"        [_thread_blocked, id=26008, stack(0x00000093fbf00000,0x00000093fc000000) (1024K)]
  0x000001ae47e2fec0 JavaThread "Unconstrained build operations Thread 26"        [_thread_blocked, id=1792, stack(0x00000093fc000000,0x00000093fc100000) (1024K)]
  0x000001ae47e34d80 JavaThread "Unconstrained build operations Thread 27"        [_thread_blocked, id=20024, stack(0x00000093fc100000,0x00000093fc200000) (1024K)]
  0x000001ae47e35aa0 JavaThread "Unconstrained build operations Thread 28"        [_thread_blocked, id=17116, stack(0x00000093fc200000,0x00000093fc300000) (1024K)]
  0x000001ae47e35410 JavaThread "Unconstrained build operations Thread 29"        [_thread_blocked, id=16528, stack(0x00000093fc300000,0x00000093fc400000) (1024K)]
  0x000001ae47e36130 JavaThread "Unconstrained build operations Thread 30"        [_thread_blocked, id=9104, stack(0x00000093fc400000,0x00000093fc500000) (1024K)]
  0x000001ae47e339d0 JavaThread "Unconstrained build operations Thread 31"        [_thread_blocked, id=16832, stack(0x00000093fc500000,0x00000093fc600000) (1024K)]
  0x000001ae47e34060 JavaThread "Unconstrained build operations Thread 32"        [_thread_blocked, id=13516, stack(0x00000093fc600000,0x00000093fc700000) (1024K)]
  0x000001ae47e346f0 JavaThread "Unconstrained build operations Thread 33"        [_thread_blocked, id=17268, stack(0x00000093fc700000,0x00000093fc800000) (1024K)]
  0x000001ae474b3180 JavaThread "Unconstrained build operations Thread 34"        [_thread_blocked, id=15260, stack(0x00000093fc900000,0x00000093fca00000) (1024K)]
  0x000001ae474b2af0 JavaThread "Unconstrained build operations Thread 35"        [_thread_blocked, id=19132, stack(0x00000093fca00000,0x00000093fcb00000) (1024K)]
  0x000001ae474b2460 JavaThread "Unconstrained build operations Thread 36"        [_thread_blocked, id=2100, stack(0x00000093fcb00000,0x00000093fcc00000) (1024K)]
  0x000001ae474b3810 JavaThread "Unconstrained build operations Thread 37"        [_thread_blocked, id=12712, stack(0x00000093fcc00000,0x00000093fcd00000) (1024K)]
  0x000001ae474b1740 JavaThread "Unconstrained build operations Thread 38"        [_thread_blocked, id=24040, stack(0x00000093fcd00000,0x00000093fce00000) (1024K)]
  0x000001ae474b3ea0 JavaThread "Unconstrained build operations Thread 39"        [_thread_blocked, id=23376, stack(0x00000093fce00000,0x00000093fcf00000) (1024K)]
  0x000001ae474b4530 JavaThread "Unconstrained build operations Thread 40"        [_thread_blocked, id=33352, stack(0x00000093fcf00000,0x00000093fd000000) (1024K)]
  0x000001ae474b4bc0 JavaThread "Unconstrained build operations Thread 41"        [_thread_blocked, id=5784, stack(0x00000093fd000000,0x00000093fd100000) (1024K)]
  0x000001ae474b5250 JavaThread "Unconstrained build operations Thread 42"        [_thread_blocked, id=2016, stack(0x00000093fd100000,0x00000093fd200000) (1024K)]
  0x000001ae474b1dd0 JavaThread "Unconstrained build operations Thread 43"        [_thread_blocked, id=22484, stack(0x00000093fd200000,0x00000093fd300000) (1024K)]
  0x000001ae474b5f70 JavaThread "Unconstrained build operations Thread 44"        [_thread_blocked, id=28852, stack(0x00000093fd300000,0x00000093fd400000) (1024K)]
  0x000001ae474b6600 JavaThread "Unconstrained build operations Thread 45"        [_thread_blocked, id=17052, stack(0x00000093fd400000,0x00000093fd500000) (1024K)]
  0x000001ae474b6c90 JavaThread "Unconstrained build operations Thread 46"        [_thread_blocked, id=29896, stack(0x00000093fd500000,0x00000093fd600000) (1024K)]
  0x000001ae474b7320 JavaThread "Unconstrained build operations Thread 47"        [_thread_blocked, id=30556, stack(0x00000093fd600000,0x00000093fd700000) (1024K)]
  0x000001ae474b8040 JavaThread "Unconstrained build operations Thread 48"        [_thread_blocked, id=11812, stack(0x00000093fd700000,0x00000093fd800000) (1024K)]
  0x000001ae4c113130 JavaThread "build event listener"              [_thread_blocked, id=9660, stack(0x00000093fd900000,0x00000093fda00000) (1024K)]
  0x000001ae4c1137c0 JavaThread "Memory manager"                    [_thread_blocked, id=20000, stack(0x00000093fd800000,0x00000093fd900000) (1024K)]
  0x000001ae4c118680 JavaThread "Problems report writer"            [_thread_blocked, id=20380, stack(0x00000093fda00000,0x00000093fdb00000) (1024K)]
  0x000001ae4c1172d0 JavaThread "ForkJoinPool.commonPool-worker-1" daemon [_thread_blocked, id=25160, stack(0x00000093fdb00000,0x00000093fdc00000) (1024K)]
  0x000001ae4c113e50 JavaThread "ForkJoinPool.commonPool-worker-2" daemon [_thread_blocked, id=11368, stack(0x00000093fdc00000,0x00000093fdd00000) (1024K)]
  0x000001ae4c119a30 JavaThread "ForkJoinPool.commonPool-worker-3" daemon [_thread_blocked, id=24536, stack(0x00000093fdd00000,0x00000093fde00000) (1024K)]
  0x000001ae4c117960 JavaThread "ForkJoinPool.commonPool-worker-4" daemon [_thread_blocked, id=6332, stack(0x00000093fde00000,0x00000093fdf00000) (1024K)]
  0x000001ae4c117ff0 JavaThread "ForkJoinPool.commonPool-worker-5" daemon [_thread_blocked, id=23264, stack(0x00000093fdf00000,0x00000093fe000000) (1024K)]
  0x000001ae4c118d10 JavaThread "ForkJoinPool.commonPool-worker-6" daemon [_thread_blocked, id=12196, stack(0x00000093fe000000,0x00000093fe100000) (1024K)]
  0x000001ae4c1193a0 JavaThread "ForkJoinPool.commonPool-worker-7" daemon [_thread_blocked, id=21452, stack(0x00000093fe100000,0x00000093fe200000) (1024K)]
  0x000001ae474b86d0 JavaThread "ForkJoinPool.commonPool-worker-8" daemon [_thread_blocked, id=22960, stack(0x00000093fe200000,0x00000093fe300000) (1024K)]
  0x000001ae474b79b0 JavaThread "ForkJoinPool.commonPool-worker-9" daemon [_thread_blocked, id=7248, stack(0x00000093fe300000,0x00000093fe400000) (1024K)]
  0x000001ae495110b0 JavaThread "Exec process"                      [_thread_blocked, id=18876, stack(0x00000093fe400000,0x00000093fe500000) (1024K)]
  0x000001ae4747cbe0 JavaThread "Exec process Thread 2"             [_thread_blocked, id=29316, stack(0x00000093fe500000,0x00000093fe600000) (1024K)]
  0x000001ae49d4d490 JavaThread "Exec process Thread 3"             [_thread_blocked, id=19112, stack(0x00000093fe600000,0x00000093fe700000) (1024K)]
  0x000001ae4a3dcd20 JavaThread "included builds"                   [_thread_blocked, id=18536, stack(0x00000093fe700000,0x00000093fe800000) (1024K)]
  0x000001ae4a3dda40 JavaThread "Execution worker"                  [_thread_blocked, id=12176, stack(0x00000093fe800000,0x00000093fe900000) (1024K)]
  0x000001ae4a3de760 JavaThread "Execution worker Thread 2"         [_thread_blocked, id=26244, stack(0x00000093fe900000,0x00000093fea00000) (1024K)]
  0x000001ae4a3dc690 JavaThread "Execution worker Thread 3"         [_thread_blocked, id=17196, stack(0x00000093fea00000,0x00000093feb00000) (1024K)]
  0x000001ae4a3dd3b0 JavaThread "Execution worker Thread 4"         [_thread_blocked, id=3260, stack(0x00000093feb00000,0x00000093fec00000) (1024K)]
  0x000001ae4a3dedf0 JavaThread "Execution worker Thread 5"         [_thread_blocked, id=28164, stack(0x00000093fec00000,0x00000093fed00000) (1024K)]
  0x000001ae4a3df480 JavaThread "Execution worker Thread 6"         [_thread_blocked, id=1140, stack(0x00000093fed00000,0x00000093fee00000) (1024K)]
  0x000001ae4a3dc000 JavaThread "Execution worker Thread 7"         [_thread_blocked, id=3432, stack(0x00000093fee00000,0x00000093fef00000) (1024K)]
  0x000001ae4a3dfb10 JavaThread "Execution worker Thread 8"         [_thread_blocked, id=5512, stack(0x00000093fef00000,0x00000093ff000000) (1024K)]
  0x000001ae4a3e2900 JavaThread "Execution worker Thread 9"         [_thread_blocked, id=2380, stack(0x00000093ff000000,0x00000093ff100000) (1024K)]
  0x000001ae4a3e1be0 JavaThread "Execution worker Thread 10"        [_thread_blocked, id=17400, stack(0x00000093ff100000,0x00000093ff200000) (1024K)]
  0x000001ae4a3e3620 JavaThread "Execution worker Thread 11"        [_thread_blocked, id=33644, stack(0x00000093ff200000,0x00000093ff300000) (1024K)]
  0x000001ae4a3e2270 JavaThread "Execution worker Thread 12"        [_thread_blocked, id=17140, stack(0x00000093ff300000,0x00000093ff400000) (1024K)]
  0x000001ae4a3e2f90 JavaThread "Execution worker Thread 13"        [_thread_blocked, id=16308, stack(0x00000093ff400000,0x00000093ff500000) (1024K)]
  0x000001ae4a3e01a0 JavaThread "Execution worker Thread 14"        [_thread_blocked, id=2156, stack(0x00000093ff500000,0x00000093ff600000) (1024K)]
  0x000001ae4a3e0830 JavaThread "Execution worker Thread 15"        [_thread_blocked, id=32756, stack(0x00000093ff600000,0x00000093ff700000) (1024K)]
  0x000001ae4a3e0ec0 JavaThread "Cache worker for execution history cache (C:\Users\Jai\Desktop\AI-Powered-Battery-Fitness-Assessment\source\node_modules\@react-native\gradle-plugin\.gradle\9.3.1\executionHistory)"        [_thread_blocked, id=13628, stack(0x00000093ff700000,0x00000093ff800000) (1024K)]
  0x000001ae4a3e1550 JavaThread "Unconstrained build operations Thread 49"        [_thread_blocked, id=24984, stack(0x00000093ff800000,0x00000093ff900000) (1024K)]
  0x000001ae490a4180 JavaThread "Unconstrained build operations Thread 50"        [_thread_blocked, id=23896, stack(0x00000093ff900000,0x00000093ffa00000) (1024K)]
  0x000001ae490a2740 JavaThread "Unconstrained build operations Thread 51"        [_thread_blocked, id=16524, stack(0x00000093ffa00000,0x00000093ffb00000) (1024K)]
  0x000001ae490a5530 JavaThread "Unconstrained build operations Thread 52"        [_thread_blocked, id=28396, stack(0x00000093ffb00000,0x00000093ffc00000) (1024K)]
  0x000001ae490a5bc0 JavaThread "Unconstrained build operations Thread 53"        [_thread_blocked, id=6832, stack(0x00000093ffc00000,0x00000093ffd00000) (1024K)]
  0x000001ae490a6250 JavaThread "Unconstrained build operations Thread 54"        [_thread_blocked, id=20740, stack(0x00000093ffd00000,0x00000093ffe00000) (1024K)]
  0x000001ae490a3af0 JavaThread "Unconstrained build operations Thread 55"        [_thread_blocked, id=30100, stack(0x00000093ffe00000,0x00000093fff00000) (1024K)]
  0x000001ae490a4ea0 JavaThread "Unconstrained build operations Thread 56"        [_thread_blocked, id=14220, stack(0x00000093fff00000,0x0000009400000000) (1024K)]
  0x000001ae490a2dd0 JavaThread "Unconstrained build operations Thread 57"        [_thread_blocked, id=18496, stack(0x0000009380000000,0x0000009380100000) (1024K)]
  0x000001ae490a3460 JavaThread "Unconstrained build operations Thread 58"        [_thread_blocked, id=10876, stack(0x0000009380100000,0x0000009380200000) (1024K)]
  0x000001ae490a68e0 JavaThread "Unconstrained build operations Thread 59"        [_thread_blocked, id=12692, stack(0x0000009380200000,0x0000009380300000) (1024K)]
  0x000001ae490a7600 JavaThread "Unconstrained build operations Thread 60"        [_thread_blocked, id=476, stack(0x0000009380300000,0x0000009380400000) (1024K)]
  0x000001ae490a6f70 JavaThread "Unconstrained build operations Thread 61"        [_thread_blocked, id=30228, stack(0x0000009380400000,0x0000009380500000) (1024K)]
  0x000001ae490a7c90 JavaThread "Unconstrained build operations Thread 62"        [_thread_blocked, id=9280, stack(0x0000009380500000,0x0000009380600000) (1024K)]
  0x000001ae490a4810 JavaThread "Unconstrained build operations Thread 63"        [_thread_blocked, id=26124, stack(0x0000009380600000,0x0000009380700000) (1024K)]
  0x000001ae490a9d60 JavaThread "Unconstrained build operations Thread 64"        [_thread_blocked, id=30620, stack(0x0000009380700000,0x0000009380800000) (1024K)]
  0x000001ae490a8320 JavaThread "Unconstrained build operations Thread 65"        [_thread_blocked, id=5248, stack(0x0000009380800000,0x0000009380900000) (1024K)]
  0x000001ae490a89b0 JavaThread "Unconstrained build operations Thread 66"        [_thread_blocked, id=20604, stack(0x0000009380900000,0x0000009380a00000) (1024K)]
  0x000001ae490a9040 JavaThread "Unconstrained build operations Thread 67"        [_thread_blocked, id=1608, stack(0x0000009380a00000,0x0000009380b00000) (1024K)]
  0x000001ae490a96d0 JavaThread "Unconstrained build operations Thread 68"        [_thread_blocked, id=33892, stack(0x0000009380b00000,0x0000009380c00000) (1024K)]
  0x000001ae4834d140 JavaThread "Unconstrained build operations Thread 69"        [_thread_blocked, id=10724, stack(0x0000009380c00000,0x0000009380d00000) (1024K)]
  0x000001ae4834a9e0 JavaThread "Unconstrained build operations Thread 70"        [_thread_blocked, id=15632, stack(0x0000009380d00000,0x0000009380e00000) (1024K)]
  0x000001ae48349cc0 JavaThread "Unconstrained build operations Thread 71"        [_thread_blocked, id=12548, stack(0x0000009380e00000,0x0000009380f00000) (1024K)]
  0x000001ae4834b700 JavaThread "Unconstrained build operations Thread 72"        [_thread_blocked, id=12964, stack(0x0000009380f00000,0x0000009381000000) (1024K)]
  0x000001ae4834bd90 JavaThread "Unconstrained build operations Thread 73"        [_thread_blocked, id=10484, stack(0x0000009381000000,0x0000009381100000) (1024K)]
  0x000001ae4834c420 JavaThread "Unconstrained build operations Thread 74"        [_thread_blocked, id=31576, stack(0x0000009381100000,0x0000009381200000) (1024K)]
  0x000001ae4834d7d0 JavaThread "Unconstrained build operations Thread 75"        [_thread_blocked, id=10652, stack(0x0000009381200000,0x0000009381300000) (1024K)]
  0x000001ae4834a350 JavaThread "Unconstrained build operations Thread 76"        [_thread_blocked, id=32108, stack(0x0000009381300000,0x0000009381400000) (1024K)]
  0x000001ae4834cab0 JavaThread "Unconstrained build operations Thread 77"        [_thread_blocked, id=14408, stack(0x0000009381400000,0x0000009381500000) (1024K)]
  0x000001ae4834b070 JavaThread "Unconstrained build operations Thread 78"        [_thread_blocked, id=12364, stack(0x0000009381500000,0x0000009381600000) (1024K)]
  0x000001ae4834de60 JavaThread "Unconstrained build operations Thread 79"        [_thread_blocked, id=19088, stack(0x0000009381600000,0x0000009381700000) (1024K)]
  0x000001ae4834f210 JavaThread "Unconstrained build operations Thread 80"        [_thread_blocked, id=10996, stack(0x0000009381700000,0x0000009381800000) (1024K)]
  0x000001ae48350c50 JavaThread "Unconstrained build operations Thread 81"        [_thread_blocked, id=11276, stack(0x0000009381800000,0x0000009381900000) (1024K)]
  0x000001ae4834f8a0 JavaThread "Unconstrained build operations Thread 82"        [_thread_blocked, id=24696, stack(0x0000009381900000,0x0000009381a00000) (1024K)]
  0x000001ae483512e0 JavaThread "Unconstrained build operations Thread 83"        [_thread_blocked, id=33016, stack(0x0000009381a00000,0x0000009381b00000) (1024K)]
  0x000001ae4834e4f0 JavaThread "Unconstrained build operations Thread 84"        [_thread_blocked, id=30812, stack(0x0000009381b00000,0x0000009381c00000) (1024K)]
  0x000001ae4834eb80 JavaThread "Unconstrained build operations Thread 85"        [_thread_blocked, id=3112, stack(0x0000009381c00000,0x0000009381d00000) (1024K)]
  0x000001ae4834ff30 JavaThread "Unconstrained build operations Thread 86"        [_thread_blocked, id=29996, stack(0x0000009381d00000,0x0000009381e00000) (1024K)]
  0x000001ae483505c0 JavaThread "Unconstrained build operations Thread 87"        [_thread_blocked, id=7036, stack(0x0000009381e00000,0x0000009381f00000) (1024K)]
  0x000001ae4a126060 JavaThread "Unconstrained build operations Thread 88"        [_thread_blocked, id=28252, stack(0x0000009381f00000,0x0000009382000000) (1024K)]
  0x000001ae4a127aa0 JavaThread "Unconstrained build operations Thread 89"        [_thread_blocked, id=25064, stack(0x0000009382000000,0x0000009382100000) (1024K)]
  0x000001ae4a128130 JavaThread "Unconstrained build operations Thread 90"        [_thread_blocked, id=9488, stack(0x0000009382100000,0x0000009382200000) (1024K)]
  0x000001ae4a1287c0 JavaThread "Unconstrained build operations Thread 91"        [_thread_blocked, id=17284, stack(0x0000009382200000,0x0000009382300000) (1024K)]
  0x000001ae4a128e50 JavaThread "Unconstrained build operations Thread 92"        [_thread_blocked, id=8884, stack(0x0000009382300000,0x0000009382400000) (1024K)]
  0x000001ae4a1266f0 JavaThread "Unconstrained build operations Thread 93"        [_thread_blocked, id=23488, stack(0x0000009382400000,0x0000009382500000) (1024K)]
  0x000001ae4a129b70 JavaThread "Unconstrained build operations Thread 94"        [_thread_blocked, id=20924, stack(0x0000009382500000,0x0000009382600000) (1024K)]
  0x000001ae4a126d80 JavaThread "Unconstrained build operations Thread 95"        [_thread_blocked, id=28916, stack(0x0000009382600000,0x0000009382700000) (1024K)]
  0x000001ae4a12a200 JavaThread "Unconstrained build operations Thread 96"        [_thread_blocked, id=29012, stack(0x0000009382700000,0x0000009382800000) (1024K)]
  0x000001ae4a12a890 JavaThread "Unconstrained build operations Thread 97"        [_thread_blocked, id=17872, stack(0x0000009382800000,0x0000009382900000) (1024K)]
  0x000001ae4a127410 JavaThread "Unconstrained build operations Thread 98"        [_thread_blocked, id=4092, stack(0x0000009382900000,0x0000009382a00000) (1024K)]
  0x000001ae4a12c960 JavaThread "Unconstrained build operations Thread 99"        [_thread_blocked, id=14960, stack(0x0000009382a00000,0x0000009382b00000) (1024K)]
  0x000001ae4a12af20 JavaThread "Unconstrained build operations Thread 100"        [_thread_blocked, id=1772, stack(0x0000009382b00000,0x0000009382c00000) (1024K)]
  0x000001ae4a12dd10 JavaThread "Unconstrained build operations Thread 101"        [_thread_blocked, id=29484, stack(0x0000009382c00000,0x0000009382d00000) (1024K)]
  0x000001ae4a12c2d0 JavaThread "Unconstrained build operations Thread 102"        [_thread_blocked, id=3192, stack(0x0000009382d00000,0x0000009382e00000) (1024K)]
  0x000001ae4a12cff0 JavaThread "Unconstrained build operations Thread 103"        [_thread_blocked, id=34232, stack(0x0000009382e00000,0x0000009382f00000) (1024K)]
  0x000001ae4a12e3a0 JavaThread "Unconstrained build operations Thread 104"        [_thread_blocked, id=25520, stack(0x0000009382f00000,0x0000009383000000) (1024K)]
  0x000001ae4a12d680 JavaThread "Unconstrained build operations Thread 105"        [_thread_blocked, id=25892, stack(0x0000009383000000,0x0000009383100000) (1024K)]
  0x000001ae4a12ea30 JavaThread "Unconstrained build operations Thread 106"        [_thread_blocked, id=14964, stack(0x0000009383100000,0x0000009383200000) (1024K)]
  0x000001ae4a12b5b0 JavaThread "Unconstrained build operations Thread 107"        [_thread_blocked, id=3028, stack(0x0000009383200000,0x0000009383300000) (1024K)]
  0x000001ae4a12f0c0 JavaThread "Unconstrained build operations Thread 108"        [_thread_blocked, id=7148, stack(0x0000009383300000,0x0000009383400000) (1024K)]
  0x000001ae4a12bc40 JavaThread "Unconstrained build operations Thread 109"        [_thread_blocked, id=10816, stack(0x0000009383400000,0x0000009383500000) (1024K)]
  0x000001ae4a131eb0 JavaThread "Unconstrained build operations Thread 110"        [_thread_blocked, id=10828, stack(0x0000009383500000,0x0000009383600000) (1024K)]
  0x000001ae4a132bd0 JavaThread "Unconstrained build operations Thread 111"        [_thread_blocked, id=30084, stack(0x0000009383600000,0x0000009383700000) (1024K)]
  0x000001ae4a131190 JavaThread "Unconstrained build operations Thread 112"        [_thread_blocked, id=28216, stack(0x0000009383700000,0x0000009383800000) (1024K)]
  0x000001ae4a12f750 JavaThread "Unconstrained build operations Thread 113"        [_thread_blocked, id=12496, stack(0x0000009383800000,0x0000009383900000) (1024K)]
  0x000001ae4a133260 JavaThread "Unconstrained build operations Thread 114"        [_thread_blocked, id=31708, stack(0x0000009383900000,0x0000009383a00000) (1024K)]
  0x000001ae4a131820 JavaThread "Unconstrained build operations Thread 115"        [_thread_blocked, id=15624, stack(0x0000009383a00000,0x0000009383b00000) (1024K)]
  0x000001ae4a12fde0 JavaThread "Unconstrained build operations Thread 116"        [_thread_blocked, id=19072, stack(0x0000009383b00000,0x0000009383c00000) (1024K)]
  0x000001ae4a132540 JavaThread "Unconstrained build operations Thread 117"        [_thread_blocked, id=13364, stack(0x0000009383c00000,0x0000009383d00000) (1024K)]
  0x000001ae4a1338f0 JavaThread "Unconstrained build operations Thread 118"        [_thread_blocked, id=16076, stack(0x0000009383d00000,0x0000009383e00000) (1024K)]
  0x000001ae4a130470 JavaThread "Unconstrained build operations Thread 119"        [_thread_blocked, id=20664, stack(0x0000009383e00000,0x0000009383f00000) (1024K)]
  0x000001ae4a133f80 JavaThread "Unconstrained build operations Thread 120"        [_thread_blocked, id=32804, stack(0x0000009383f00000,0x0000009384000000) (1024K)]
  0x000001ae4a130b00 JavaThread "Unconstrained build operations Thread 121"        [_thread_blocked, id=15288, stack(0x0000009384000000,0x0000009384100000) (1024K)]
  0x000001ae4a134610 JavaThread "Unconstrained build operations Thread 122"        [_thread_blocked, id=25004, stack(0x0000009384100000,0x0000009384200000) (1024K)]
  0x000001ae4a134ca0 JavaThread "Unconstrained build operations Thread 123"        [_thread_blocked, id=30128, stack(0x0000009384200000,0x0000009384300000) (1024K)]
  0x000001ae4a135330 JavaThread "Unconstrained build operations Thread 124"        [_thread_blocked, id=20120, stack(0x0000009384300000,0x0000009384400000) (1024K)]
  0x000001ae49d4ba50 JavaThread "Unconstrained build operations Thread 125"        [_thread_blocked, id=17180, stack(0x0000009384400000,0x0000009384500000) (1024K)]
  0x000001ae49d4ce00 JavaThread "jar transforms Thread 2"           [_thread_blocked, id=33268, stack(0x0000009384500000,0x0000009384600000) (1024K)]
  0x000001ae49d4a6a0 JavaThread "jar transforms Thread 3"           [_thread_blocked, id=22612, stack(0x0000009384600000,0x0000009384700000) (1024K)]
  0x000001ae49d4b3c0 JavaThread "Unconstrained build operations Thread 126"        [_thread_blocked, id=18904, stack(0x0000009384900000,0x0000009384a00000) (1024K)]
  0x000001ae4c1144e0 JavaThread "Unconstrained build operations Thread 127"        [_thread_blocked, id=11348, stack(0x0000009384a00000,0x0000009384b00000) (1024K)]
  0x000001ae4a455c90 JavaThread "Unconstrained build operations Thread 128"        [_thread_blocked, id=13596, stack(0x0000009384b00000,0x0000009384c00000) (1024K)]
  0x000001ae4a454250 JavaThread "Unconstrained build operations Thread 129"        [_thread_blocked, id=29792, stack(0x0000009384c00000,0x0000009384d00000) (1024K)]
  0x000001ae4a452ea0 JavaThread "Unconstrained build operations Thread 130"        [_thread_blocked, id=25052, stack(0x0000009384d00000,0x0000009384e00000) (1024K)]
  0x000001ae4a453530 JavaThread "Unconstrained build operations Thread 131"        [_thread_blocked, id=25712, stack(0x0000009384e00000,0x0000009384f00000) (1024K)]
  0x000001ae4a4548e0 JavaThread "Unconstrained build operations Thread 132"        [_thread_blocked, id=15448, stack(0x0000009384f00000,0x0000009385000000) (1024K)]
  0x000001ae4a455600 JavaThread "Unconstrained build operations Thread 133"        [_thread_blocked, id=10648, stack(0x0000009385000000,0x0000009385100000) (1024K)]
  0x000001ae4a454f70 JavaThread "Unconstrained build operations Thread 134"        [_thread_blocked, id=9480, stack(0x0000009385100000,0x0000009385200000) (1024K)]
  0x000001ae4a456320 JavaThread "Unconstrained build operations Thread 135"        [_thread_blocked, id=11784, stack(0x0000009385200000,0x0000009385300000) (1024K)]
  0x000001ae4a4569b0 JavaThread "Unconstrained build operations Thread 136"        [_thread_blocked, id=19424, stack(0x0000009385300000,0x0000009385400000) (1024K)]
  0x000001ae4a457040 JavaThread "Unconstrained build operations Thread 137"        [_thread_blocked, id=2188, stack(0x0000009385400000,0x0000009385500000) (1024K)]
  0x000001ae4a453bc0 JavaThread "Unconstrained build operations Thread 138"        [_thread_blocked, id=34672, stack(0x0000009385500000,0x0000009385600000) (1024K)]
  0x000001ae4a4597a0 JavaThread "Unconstrained build operations Thread 139"        [_thread_blocked, id=17736, stack(0x0000009385600000,0x0000009385700000) (1024K)]
  0x000001ae4a4583f0 JavaThread "Unconstrained build operations Thread 140"        [_thread_blocked, id=18644, stack(0x0000009385700000,0x0000009385800000) (1024K)]
  0x000001ae4a459110 JavaThread "Unconstrained build operations Thread 141"        [_thread_blocked, id=7392, stack(0x0000009385800000,0x0000009385900000) (1024K)]
  0x000001ae4a459e30 JavaThread "Unconstrained build operations Thread 142"        [_thread_blocked, id=7340, stack(0x0000009385900000,0x0000009385a00000) (1024K)]
  0x000001ae4a45a4c0 JavaThread "Unconstrained build operations Thread 143"        [_thread_blocked, id=32364, stack(0x0000009385a00000,0x0000009385b00000) (1024K)]
  0x000001ae4a457d60 JavaThread "Unconstrained build operations Thread 144"        [_thread_blocked, id=26228, stack(0x0000009385b00000,0x0000009385c00000) (1024K)]
  0x000001ae4a45ab50 JavaThread "Unconstrained build operations Thread 145"        [_thread_blocked, id=24824, stack(0x0000009385c00000,0x0000009385d00000) (1024K)]
  0x000001ae4a4576d0 JavaThread "Unconstrained build operations Thread 146"        [_thread_blocked, id=6744, stack(0x0000009385d00000,0x0000009385e00000) (1024K)]
  0x000001ae4a45b1e0 JavaThread "Unconstrained build operations Thread 147"        [_thread_blocked, id=27388, stack(0x0000009385e00000,0x0000009385f00000) (1024K)]
  0x000001ae4a458a80 JavaThread "Unconstrained build operations Thread 148"        [_thread_blocked, id=12980, stack(0x0000009385f00000,0x0000009386000000) (1024K)]
  0x000001ae4a45dfd0 JavaThread "Unconstrained build operations Thread 149"        [_thread_blocked, id=13836, stack(0x0000009386000000,0x0000009386100000) (1024K)]
  0x000001ae4a45e660 JavaThread "Unconstrained build operations Thread 150"        [_thread_blocked, id=21044, stack(0x0000009386100000,0x0000009386200000) (1024K)]
  0x000001ae4a45bf00 JavaThread "Unconstrained build operations Thread 151"        [_thread_blocked, id=12700, stack(0x0000009386200000,0x0000009386300000) (1024K)]
  0x000001ae4a45ecf0 JavaThread "Unconstrained build operations Thread 152"        [_thread_blocked, id=32152, stack(0x0000009386300000,0x0000009386400000) (1024K)]
  0x000001ae4a45d2b0 JavaThread "Unconstrained build operations Thread 153"        [_thread_blocked, id=12216, stack(0x0000009386400000,0x0000009386500000) (1024K)]
  0x000001ae4a45c590 JavaThread "Unconstrained build operations Thread 154"        [_thread_blocked, id=25112, stack(0x0000009386500000,0x0000009386600000) (1024K)]
  0x000001ae4a45b870 JavaThread "Unconstrained build operations Thread 155"        [_thread_blocked, id=29412, stack(0x0000009386600000,0x0000009386700000) (1024K)]
  0x000001ae4a460730 JavaThread "Unconstrained build operations Thread 156"        [_thread_blocked, id=12848, stack(0x0000009386700000,0x0000009386800000) (1024K)]
  0x000001ae4a45f380 JavaThread "Unconstrained build operations Thread 157"        [_thread_blocked, id=31084, stack(0x0000009386800000,0x0000009386900000) (1024K)]
  0x000001ae4a45fa10 JavaThread "Unconstrained build operations Thread 158"        [_thread_blocked, id=17356, stack(0x0000009386900000,0x0000009386a00000) (1024K)]
  0x000001ae4a45d940 JavaThread "Unconstrained build operations Thread 159"        [_thread_blocked, id=26372, stack(0x0000009386c00000,0x0000009386d00000) (1024K)]
  0x000001ae4a461450 JavaThread "Unconstrained build operations Thread 160"        [_thread_blocked, id=26120, stack(0x0000009386d00000,0x0000009386e00000) (1024K)]
  0x000001ae4a4600a0 JavaThread "jar transforms Thread 4"           [_thread_blocked, id=16188, stack(0x0000009386e00000,0x0000009386f00000) (1024K)]
  0x000001ae4a460dc0 JavaThread "jar transforms Thread 5"           [_thread_blocked, id=1296, stack(0x0000009386f00000,0x0000009387000000) (1024K)]
  0x000001ae4a461ae0 JavaThread "jar transforms Thread 6"           [_thread_blocked, id=20644, stack(0x0000009387000000,0x0000009387100000) (1024K)]
  0x000001ae4603bd50 JavaThread "build event listener"              [_thread_blocked, id=32912, stack(0x0000009387100000,0x0000009387200000) (1024K)]
  0x000001ae4603f860 JavaThread "jar transforms Thread 7"           [_thread_blocked, id=11488, stack(0x0000009384700000,0x0000009384800000) (1024K)]
  0x000001ae4603e4b0 JavaThread "jar transforms Thread 8"           [_thread_blocked, id=16600, stack(0x0000009384800000,0x0000009384900000) (1024K)]
  0x000001ae47b68550 JavaThread "jar transforms Thread 9"           [_thread_blocked, id=7000, stack(0x0000009387200000,0x0000009387300000) (1024K)]
  0x000001ae47b69900 JavaThread "jar transforms Thread 10"          [_thread_blocked, id=24136, stack(0x0000009387300000,0x0000009387400000) (1024K)]
  0x000001ae47b69f90 JavaThread "jar transforms Thread 11"          [_thread_blocked, id=31892, stack(0x0000009387400000,0x0000009387500000) (1024K)]
  0x000001ae47b6ee50 JavaThread "jar transforms Thread 12"          [_thread_blocked, id=28664, stack(0x0000009387500000,0x0000009387600000) (1024K)]
  0x000001ae4b348d30 JavaThread "jar transforms Thread 13"          [_thread_blocked, id=29760, stack(0x0000009387600000,0x0000009387700000) (1024K)]
  0x000001ae4b34a0e0 JavaThread "jar transforms Thread 14"          [_thread_blocked, id=11560, stack(0x0000009387700000,0x0000009387800000) (1024K)]
  0x000001ae4b3493c0 JavaThread "jar transforms Thread 15"          [_thread_blocked, id=4592, stack(0x0000009387800000,0x0000009387900000) (1024K)]
  0x000001ae4b34a770 JavaThread "jar transforms Thread 16"          [_thread_blocked, id=8364, stack(0x0000009387900000,0x0000009387a00000) (1024K)]
  0x000001ae4b34ae00 JavaThread "Exec process"                      [_thread_blocked, id=4340, stack(0x0000009387a00000,0x0000009387b00000) (1024K)]
  0x000001ae4b349a50 JavaThread "Exec process Thread 2"             [_thread_blocked, id=17852, stack(0x0000009387b00000,0x0000009387c00000) (1024K)]
  0x000001ae4b34b490 JavaThread "Exec process Thread 3"             [_thread_blocked, id=6396, stack(0x0000009387c00000,0x0000009387d00000) (1024K)]
  0x000001ae4898ceb0 JavaThread "C2 CompilerThread1"         daemon [_thread_in_native, id=15568, stack(0x0000009387d00000,0x0000009387e00000) (1024K)]
Total: 248

Other Threads:
  0x000001ae24c30590 VMThread "VM Thread"                           [id=20312, stack(0x00000093f7300000,0x00000093f7400000) (1024K)]
  0x000001ae255ac0d0 WatcherThread "VM Periodic Task Thread"        [id=4720, stack(0x00000093f7200000,0x00000093f7300000) (1024K)]
  0x000001ae07dbd4b0 WorkerThread "GC Thread#0"                     [id=33028, stack(0x00000093f6d00000,0x00000093f6e00000) (1024K)]
  0x000001ae45155d40 WorkerThread "GC Thread#1"                     [id=24512, stack(0x00000093f8100000,0x00000093f8200000) (1024K)]
  0x000001ae451539d0 WorkerThread "GC Thread#2"                     [id=11128, stack(0x00000093f8200000,0x00000093f8300000) (1024K)]
  0x000001ae45098eb0 WorkerThread "GC Thread#3"                     [id=25284, stack(0x00000093f8300000,0x00000093f8400000) (1024K)]
  0x000001ae45099250 WorkerThread "GC Thread#4"                     [id=18656, stack(0x00000093f8400000,0x00000093f8500000) (1024K)]
  0x000001ae450995f0 WorkerThread "GC Thread#5"                     [id=16272, stack(0x00000093f8500000,0x00000093f8600000) (1024K)]
  0x000001ae45099990 WorkerThread "GC Thread#6"                     [id=19832, stack(0x00000093f8600000,0x00000093f8700000) (1024K)]
  0x000001ae45099d30 WorkerThread "GC Thread#7"                     [id=17228, stack(0x00000093f8700000,0x00000093f8800000) (1024K)]
  0x000001ae4509a8e0 WorkerThread "GC Thread#8"                     [id=20272, stack(0x00000093f8800000,0x00000093f8900000) (1024K)]
  0x000001ae46403080 WorkerThread "GC Thread#9"                     [id=18732, stack(0x00000093f9800000,0x00000093f9900000) (1024K)]
  0x000001ae46403420 WorkerThread "GC Thread#10"                    [id=1072, stack(0x00000093f9900000,0x00000093f9a00000) (1024K)]
  0x000001ae46402200 WorkerThread "GC Thread#11"                    [id=12876, stack(0x00000093f9a00000,0x00000093f9b00000) (1024K)]
  0x000001ae464037c0 WorkerThread "GC Thread#12"                    [id=29100, stack(0x00000093f9b00000,0x00000093f9c00000) (1024K)]
  0x000001ae07dcf220 ConcurrentGCThread "G1 Main Marker"            [id=25680, stack(0x00000093f6e00000,0x00000093f6f00000) (1024K)]
  0x000001ae07dcfc30 WorkerThread "G1 Conc#0"                       [id=19664, stack(0x00000093f6f00000,0x00000093f7000000) (1024K)]
  0x000001ae46403b60 WorkerThread "G1 Conc#1"                       [id=28044, stack(0x00000093f9c00000,0x00000093f9d00000) (1024K)]
  0x000001ae49cf44d0 WorkerThread "G1 Conc#2"                       [id=7676, stack(0x00000093f9d00000,0x00000093f9e00000) (1024K)]
  0x000001ae24bd2fe0 ConcurrentGCThread "G1 Refine#0"               [id=2512, stack(0x00000093f7000000,0x00000093f7100000) (1024K)]
  0x000001ae24bd3a60 ConcurrentGCThread "G1 Service"                [id=20500, stack(0x00000093f7100000,0x00000093f7200000) (1024K)]
Total: 21

Threads with active compile tasks:
C2 CompilerThread0  33540 18513       4       org.gradle.internal.reflect.JavaReflectionUtil::getAnnotation (101 bytes)
C2 CompilerThread1  33540 18503       4       java.lang.reflect.AccessibleObject::verifyAccess (55 bytes)
Total: 2

VM state: not at safepoint (normal execution)

VM Mutex/Monitor currently owned by a thread:  ([mutex/lock_event])
[0x00007ffbdd1db4f0] Metaspace_lock - owner thread: 0x000001ae46974ad0

Heap address: 0x0000000080000000, size: 2048 MB, Compressed Oops mode: 32-bit

CDS archive(s) mapped at: [0x000001ae26000000-0x000001ae26c80000-0x000001ae26c80000), size 13107200, SharedBaseAddress: 0x000001ae26000000, ArchiveRelocationMode: 1.
Compressed class space mapped at: 0x000001ae27000000-0x000001ae41000000, reserved size: 436207616
Narrow klass base: 0x000001ae26000000, Narrow klass shift: 0, Narrow klass range: 0x100000000

GC Precious Log:
 CardTable entry size: 512
 Card Set container configuration: InlinePtr #cards 5 size 8 Array Of Cards #cards 12 size 40 Howl #buckets 4 coarsen threshold 1843 Howl Bitmap #cards 512 size 80 coarsen threshold 460 Card regions per heap region 1 cards per card region 2048
 CPUs: 16 total, 16 available
 Memory: 24283M
 Large Page Support: Disabled
 NUMA Support: Disabled
 Compressed Oops: Enabled (32-bit)
 Heap Region Size: 1M
 Heap Min Capacity: 8M
 Heap Initial Capacity: 380M
 Heap Max Capacity: 2G
 Pre-touch: Disabled
 Parallel Workers: 13
 Concurrent Workers: 3
 Concurrent Refinement Workers: 13
 Periodic GC: Disabled

Heap:
 garbage-first heap   total 358400K, used 236187K [0x0000000080000000, 0x0000000100000000)
  region size 1024K, 32 young (32768K), 8 survivors (8192K)
 Metaspace       used 116328K, committed 119296K, reserved 557056K
  class space    used 16393K, committed 17856K, reserved 425984K

Heap Regions: E=young(eden), S=young(survivor), O=old, HS=humongous(starts), HC=humongous(continues), CS=collection set, F=free, TAMS=top-at-mark-start, PB=parsable bottom
|   0|0x0000000080000000, 0x0000000080100000, 0x0000000080100000|100%|HS|  |TAMS 0x0000000080000000| PB 0x0000000080000000| Complete 
|   1|0x0000000080100000, 0x0000000080200000, 0x0000000080200000|100%|HC|  |TAMS 0x0000000080100000| PB 0x0000000080100000| Complete 
|   2|0x0000000080200000, 0x0000000080300000, 0x0000000080300000|100%|HC|  |TAMS 0x0000000080200000| PB 0x0000000080200000| Complete 
|   3|0x0000000080300000, 0x0000000080400000, 0x0000000080400000|100%|HC|  |TAMS 0x0000000080300000| PB 0x0000000080300000| Complete 
|   4|0x0000000080400000, 0x0000000080500000, 0x0000000080500000|100%| O|  |TAMS 0x0000000080400000| PB 0x0000000080400000| Untracked 
|   5|0x0000000080500000, 0x0000000080600000, 0x0000000080600000|100%| O|  |TAMS 0x0000000080500000| PB 0x0000000080500000| Untracked 
|   6|0x0000000080600000, 0x0000000080700000, 0x0000000080700000|100%| O|  |TAMS 0x0000000080600000| PB 0x0000000080600000| Untracked 
|   7|0x0000000080700000, 0x0000000080800000, 0x0000000080800000|100%|HS|  |TAMS 0x0000000080700000| PB 0x0000000080700000| Complete 
|   8|0x0000000080800000, 0x0000000080900000, 0x0000000080900000|100%| O|  |TAMS 0x0000000080800000| PB 0x0000000080800000| Untracked 
|   9|0x0000000080900000, 0x0000000080a00000, 0x0000000080a00000|100%| O|  |TAMS 0x0000000080900000| PB 0x0000000080900000| Untracked 
|  10|0x0000000080a00000, 0x0000000080b00000, 0x0000000080b00000|100%| O|  |TAMS 0x0000000080a00000| PB 0x0000000080a00000| Untracked 
|  11|0x0000000080b00000, 0x0000000080c00000, 0x0000000080c00000|100%| O|  |TAMS 0x0000000080b00000| PB 0x0000000080b00000| Untracked 
|  12|0x0000000080c00000, 0x0000000080d00000, 0x0000000080d00000|100%| O|  |TAMS 0x0000000080c00000| PB 0x0000000080c00000| Untracked 
|  13|0x0000000080d00000, 0x0000000080e00000, 0x0000000080e00000|100%| O|  |TAMS 0x0000000080d00000| PB 0x0000000080d00000| Untracked 
|  14|0x0000000080e00000, 0x0000000080f00000, 0x0000000080f00000|100%| O|  |TAMS 0x0000000080e00000| PB 0x0000000080e00000| Untracked 
|  15|0x0000000080f00000, 0x0000000081000000, 0x0000000081000000|100%| O|  |TAMS 0x0000000080f00000| PB 0x0000000080f00000| Untracked 
|  16|0x0000000081000000, 0x0000000081100000, 0x0000000081100000|100%| O|  |TAMS 0x0000000081000000| PB 0x0000000081000000| Untracked 
|  17|0x0000000081100000, 0x0000000081200000, 0x0000000081200000|100%| O|  |TAMS 0x0000000081100000| PB 0x0000000081100000| Untracked 
|  18|0x0000000081200000, 0x0000000081300000, 0x0000000081300000|100%| O|  |TAMS 0x0000000081200000| PB 0x0000000081200000| Untracked 
|  19|0x0000000081300000, 0x0000000081400000, 0x0000000081400000|100%| O|  |TAMS 0x0000000081300000| PB 0x0000000081300000| Untracked 
|  20|0x0000000081400000, 0x0000000081500000, 0x0000000081500000|100%| O|  |TAMS 0x0000000081400000| PB 0x0000000081400000| Untracked 
|  21|0x0000000081500000, 0x0000000081600000, 0x0000000081600000|100%| O|  |TAMS 0x0000000081500000| PB 0x0000000081500000| Untracked 
|  22|0x0000000081600000, 0x0000000081700000, 0x0000000081700000|100%| O|  |TAMS 0x0000000081600000| PB 0x0000000081600000| Untracked 
|  23|0x0000000081700000, 0x0000000081800000, 0x0000000081800000|100%| O|  |TAMS 0x0000000081700000| PB 0x0000000081700000| Untracked 
|  24|0x0000000081800000, 0x0000000081900000, 0x0000000081900000|100%| O|  |TAMS 0x0000000081800000| PB 0x0000000081800000| Untracked 
|  25|0x0000000081900000, 0x0000000081a00000, 0x0000000081a00000|100%| O|  |TAMS 0x0000000081900000| PB 0x0000000081900000| Untracked 
|  26|0x0000000081a00000, 0x0000000081b00000, 0x0000000081b00000|100%| O|  |TAMS 0x0000000081a00000| PB 0x0000000081a00000| Untracked 
|  27|0x0000000081b00000, 0x0000000081c00000, 0x0000000081c00000|100%| O|  |TAMS 0x0000000081b00000| PB 0x0000000081b00000| Untracked 
|  28|0x0000000081c00000, 0x0000000081d00000, 0x0000000081d00000|100%| O|  |TAMS 0x0000000081c00000| PB 0x0000000081c00000| Untracked 
|  29|0x0000000081d00000, 0x0000000081e00000, 0x0000000081e00000|100%| O|  |TAMS 0x0000000081d00000| PB 0x0000000081d00000| Untracked 
|  30|0x0000000081e00000, 0x0000000081f00000, 0x0000000081f00000|100%| O|  |TAMS 0x0000000081e00000| PB 0x0000000081e00000| Untracked 
|  31|0x0000000081f00000, 0x0000000082000000, 0x0000000082000000|100%|HS|  |TAMS 0x0000000081f00000| PB 0x0000000081f00000| Complete 
|  32|0x0000000082000000, 0x0000000082100000, 0x0000000082100000|100%|HC|  |TAMS 0x0000000082000000| PB 0x0000000082000000| Complete 
|  33|0x0000000082100000, 0x0000000082200000, 0x0000000082200000|100%|HC|  |TAMS 0x0000000082100000| PB 0x0000000082100000| Complete 
|  34|0x0000000082200000, 0x0000000082300000, 0x0000000082300000|100%|HS|  |TAMS 0x0000000082200000| PB 0x0000000082200000| Complete 
|  35|0x0000000082300000, 0x0000000082400000, 0x0000000082400000|100%|HC|  |TAMS 0x0000000082300000| PB 0x0000000082300000| Complete 
|  36|0x0000000082400000, 0x0000000082500000, 0x0000000082500000|100%|HC|  |TAMS 0x0000000082400000| PB 0x0000000082400000| Complete 
|  37|0x0000000082500000, 0x0000000082600000, 0x0000000082600000|100%| O|  |TAMS 0x0000000082500000| PB 0x0000000082500000| Untracked 
|  38|0x0000000082600000, 0x0000000082700000, 0x0000000082700000|100%| O|  |TAMS 0x0000000082600000| PB 0x0000000082600000| Untracked 
|  39|0x0000000082700000, 0x0000000082800000, 0x0000000082800000|100%| O|  |TAMS 0x0000000082700000| PB 0x0000000082700000| Untracked 
|  40|0x0000000082800000, 0x0000000082900000, 0x0000000082900000|100%| O|  |TAMS 0x0000000082800000| PB 0x0000000082800000| Untracked 
|  41|0x0000000082900000, 0x0000000082a00000, 0x0000000082a00000|100%| O|  |TAMS 0x0000000082900000| PB 0x0000000082900000| Untracked 
|  42|0x0000000082a00000, 0x0000000082b00000, 0x0000000082b00000|100%| O|  |TAMS 0x0000000082a00000| PB 0x0000000082a00000| Untracked 
|  43|0x0000000082b00000, 0x0000000082c00000, 0x0000000082c00000|100%| O|  |TAMS 0x0000000082b00000| PB 0x0000000082b00000| Untracked 
|  44|0x0000000082c00000, 0x0000000082d00000, 0x0000000082d00000|100%| O|  |TAMS 0x0000000082c00000| PB 0x0000000082c00000| Untracked 
|  45|0x0000000082d00000, 0x0000000082e00000, 0x0000000082e00000|100%| O|  |TAMS 0x0000000082d00000| PB 0x0000000082d00000| Untracked 
|  46|0x0000000082e00000, 0x0000000082f00000, 0x0000000082f00000|100%| O|  |TAMS 0x0000000082e00000| PB 0x0000000082e00000| Untracked 
|  47|0x0000000082f00000, 0x0000000083000000, 0x0000000083000000|100%| O|  |TAMS 0x0000000082f00000| PB 0x0000000082f00000| Untracked 
|  48|0x0000000083000000, 0x0000000083100000, 0x0000000083100000|100%| O|  |TAMS 0x0000000083000000| PB 0x0000000083000000| Untracked 
|  49|0x0000000083100000, 0x0000000083200000, 0x0000000083200000|100%| O|  |TAMS 0x0000000083100000| PB 0x0000000083100000| Untracked 
|  50|0x0000000083200000, 0x0000000083300000, 0x0000000083300000|100%| O|  |TAMS 0x0000000083200000| PB 0x0000000083200000| Untracked 
|  51|0x0000000083300000, 0x0000000083400000, 0x0000000083400000|100%| O|  |TAMS 0x0000000083300000| PB 0x0000000083300000| Untracked 
|  52|0x0000000083400000, 0x0000000083500000, 0x0000000083500000|100%| O|  |TAMS 0x0000000083400000| PB 0x0000000083400000| Untracked 
|  53|0x0000000083500000, 0x0000000083600000, 0x0000000083600000|100%| O|  |TAMS 0x0000000083500000| PB 0x0000000083500000| Untracked 
|  54|0x0000000083600000, 0x0000000083700000, 0x0000000083700000|100%| O|  |TAMS 0x0000000083600000| PB 0x0000000083600000| Untracked 
|  55|0x0000000083700000, 0x0000000083800000, 0x0000000083800000|100%| O|  |TAMS 0x0000000083700000| PB 0x0000000083700000| Untracked 
|  56|0x0000000083800000, 0x0000000083900000, 0x0000000083900000|100%|HS|  |TAMS 0x0000000083800000| PB 0x0000000083800000| Complete 
|  57|0x0000000083900000, 0x0000000083a00000, 0x0000000083a00000|100%| O|  |TAMS 0x0000000083900000| PB 0x0000000083900000| Untracked 
|  58|0x0000000083a00000, 0x0000000083b00000, 0x0000000083b00000|100%| O|  |TAMS 0x0000000083a00000| PB 0x0000000083a00000| Untracked 
|  59|0x0000000083b00000, 0x0000000083c00000, 0x0000000083c00000|100%| O|  |TAMS 0x0000000083b00000| PB 0x0000000083b00000| Untracked 
|  60|0x0000000083c00000, 0x0000000083d00000, 0x0000000083d00000|100%| O|  |TAMS 0x0000000083c00000| PB 0x0000000083c00000| Untracked 
|  61|0x0000000083d00000, 0x0000000083e00000, 0x0000000083e00000|100%| O|  |TAMS 0x0000000083d00000| PB 0x0000000083d00000| Untracked 
|  62|0x0000000083e00000, 0x0000000083f00000, 0x0000000083f00000|100%| O|  |TAMS 0x0000000083e00000| PB 0x0000000083e00000| Untracked 
|  63|0x0000000083f00000, 0x0000000084000000, 0x0000000084000000|100%| O|  |TAMS 0x0000000083f00000| PB 0x0000000083f00000| Untracked 
|  64|0x0000000084000000, 0x0000000084100000, 0x0000000084100000|100%| O|  |TAMS 0x0000000084000000| PB 0x0000000084000000| Untracked 
|  65|0x0000000084100000, 0x0000000084200000, 0x0000000084200000|100%|HS|  |TAMS 0x0000000084100000| PB 0x0000000084100000| Complete 
|  66|0x0000000084200000, 0x0000000084300000, 0x0000000084300000|100%| O|  |TAMS 0x0000000084200000| PB 0x0000000084200000| Untracked 
|  67|0x0000000084300000, 0x0000000084400000, 0x0000000084400000|100%| O|  |TAMS 0x0000000084300000| PB 0x0000000084300000| Untracked 
|  68|0x0000000084400000, 0x0000000084500000, 0x0000000084500000|100%| O|  |TAMS 0x0000000084400000| PB 0x0000000084400000| Untracked 
|  69|0x0000000084500000, 0x0000000084600000, 0x0000000084600000|100%| O|  |TAMS 0x0000000084500000| PB 0x0000000084500000| Untracked 
|  70|0x0000000084600000, 0x0000000084700000, 0x0000000084700000|100%| O|  |TAMS 0x0000000084600000| PB 0x0000000084600000| Untracked 
|  71|0x0000000084700000, 0x0000000084800000, 0x0000000084800000|100%|HS|  |TAMS 0x0000000084700000| PB 0x0000000084700000| Complete 
|  72|0x0000000084800000, 0x0000000084900000, 0x0000000084900000|100%|HS|  |TAMS 0x0000000084800000| PB 0x0000000084800000| Complete 
|  73|0x0000000084900000, 0x0000000084a00000, 0x0000000084a00000|100%|HS|  |TAMS 0x0000000084900000| PB 0x0000000084900000| Complete 
|  74|0x0000000084a00000, 0x0000000084b00000, 0x0000000084b00000|100%|HS|  |TAMS 0x0000000084a00000| PB 0x0000000084a00000| Complete 
|  75|0x0000000084b00000, 0x0000000084c00000, 0x0000000084c00000|100%| O|  |TAMS 0x0000000084b00000| PB 0x0000000084b00000| Untracked 
|  76|0x0000000084c00000, 0x0000000084d00000, 0x0000000084d00000|100%|HS|  |TAMS 0x0000000084c00000| PB 0x0000000084c00000| Complete 
|  77|0x0000000084d00000, 0x0000000084e00000, 0x0000000084e00000|100%|HS|  |TAMS 0x0000000084d00000| PB 0x0000000084d00000| Complete 
|  78|0x0000000084e00000, 0x0000000084f00000, 0x0000000084f00000|100%| O|  |TAMS 0x0000000084e00000| PB 0x0000000084e00000| Untracked 
|  79|0x0000000084f00000, 0x0000000085000000, 0x0000000085000000|100%| O|  |TAMS 0x0000000084f00000| PB 0x0000000084f00000| Untracked 
|  80|0x0000000085000000, 0x0000000085100000, 0x0000000085100000|100%| O|  |TAMS 0x0000000085000000| PB 0x0000000085000000| Untracked 
|  81|0x0000000085100000, 0x0000000085200000, 0x0000000085200000|100%| O|  |TAMS 0x0000000085100000| PB 0x0000000085100000| Untracked 
|  82|0x0000000085200000, 0x0000000085300000, 0x0000000085300000|100%| O|  |TAMS 0x0000000085200000| PB 0x0000000085200000| Untracked 
|  83|0x0000000085300000, 0x0000000085400000, 0x0000000085400000|100%| O|  |TAMS 0x0000000085300000| PB 0x0000000085300000| Untracked 
|  84|0x0000000085400000, 0x0000000085500000, 0x0000000085500000|100%|HS|  |TAMS 0x0000000085400000| PB 0x0000000085400000| Complete 
|  85|0x0000000085500000, 0x0000000085600000, 0x0000000085600000|100%|HC|  |TAMS 0x0000000085500000| PB 0x0000000085500000| Complete 
|  86|0x0000000085600000, 0x0000000085700000, 0x0000000085700000|100%|HC|  |TAMS 0x0000000085600000| PB 0x0000000085600000| Complete 
|  87|0x0000000085700000, 0x0000000085800000, 0x0000000085800000|100%| O|  |TAMS 0x0000000085700000| PB 0x0000000085700000| Untracked 
|  88|0x0000000085800000, 0x0000000085900000, 0x0000000085900000|100%|HS|  |TAMS 0x0000000085800000| PB 0x0000000085800000| Complete 
|  89|0x0000000085900000, 0x0000000085a00000, 0x0000000085a00000|100%| O|  |TAMS 0x0000000085900000| PB 0x0000000085900000| Untracked 
|  90|0x0000000085a00000, 0x0000000085b00000, 0x0000000085b00000|100%| O|  |TAMS 0x0000000085a00000| PB 0x0000000085a00000| Untracked 
|  91|0x0000000085b00000, 0x0000000085c00000, 0x0000000085c00000|100%| O|  |TAMS 0x0000000085b00000| PB 0x0000000085b00000| Untracked 
|  92|0x0000000085c00000, 0x0000000085d00000, 0x0000000085d00000|100%| O|  |TAMS 0x0000000085c00000| PB 0x0000000085c00000| Untracked 
|  93|0x0000000085d00000, 0x0000000085e00000, 0x0000000085e00000|100%|HS|  |TAMS 0x0000000085d00000| PB 0x0000000085d00000| Complete 
|  94|0x0000000085e00000, 0x0000000085f00000, 0x0000000085f00000|100%| O|  |TAMS 0x0000000085e00000| PB 0x0000000085e00000| Untracked 
|  95|0x0000000085f00000, 0x0000000086000000, 0x0000000086000000|100%| O|  |TAMS 0x0000000085f00000| PB 0x0000000085f00000| Untracked 
|  96|0x0000000086000000, 0x0000000086100000, 0x0000000086100000|100%| O|  |TAMS 0x0000000086000000| PB 0x0000000086000000| Untracked 
|  97|0x0000000086100000, 0x0000000086200000, 0x0000000086200000|100%| O|  |TAMS 0x0000000086100000| PB 0x0000000086100000| Untracked 
|  98|0x0000000086200000, 0x0000000086300000, 0x0000000086300000|100%| O|  |TAMS 0x0000000086200000| PB 0x0000000086200000| Untracked 
|  99|0x0000000086300000, 0x0000000086400000, 0x0000000086400000|100%| O|  |TAMS 0x0000000086300000| PB 0x0000000086300000| Untracked 
| 100|0x0000000086400000, 0x0000000086500000, 0x0000000086500000|100%| O|  |TAMS 0x0000000086400000| PB 0x0000000086400000| Untracked 
| 101|0x0000000086500000, 0x0000000086600000, 0x0000000086600000|100%| O|  |TAMS 0x0000000086500000| PB 0x0000000086500000| Untracked 
| 102|0x0000000086600000, 0x0000000086700000, 0x0000000086700000|100%| O|  |TAMS 0x0000000086600000| PB 0x0000000086600000| Untracked 
| 103|0x0000000086700000, 0x0000000086800000, 0x0000000086800000|100%| O|  |TAMS 0x0000000086700000| PB 0x0000000086700000| Untracked 
| 104|0x0000000086800000, 0x0000000086900000, 0x0000000086900000|100%| O|  |TAMS 0x0000000086800000| PB 0x0000000086800000| Untracked 
| 105|0x0000000086900000, 0x0000000086a00000, 0x0000000086a00000|100%| O|  |TAMS 0x0000000086900000| PB 0x0000000086900000| Untracked 
| 106|0x0000000086a00000, 0x0000000086b00000, 0x0000000086b00000|100%| O|  |TAMS 0x0000000086a00000| PB 0x0000000086a00000| Untracked 
| 107|0x0000000086b00000, 0x0000000086c00000, 0x0000000086c00000|100%|HS|  |TAMS 0x0000000086b00000| PB 0x0000000086b00000| Complete 
| 108|0x0000000086c00000, 0x0000000086d00000, 0x0000000086d00000|100%| O|  |TAMS 0x0000000086c00000| PB 0x0000000086c00000| Untracked 
| 109|0x0000000086d00000, 0x0000000086e00000, 0x0000000086e00000|100%| O|  |TAMS 0x0000000086d00000| PB 0x0000000086d00000| Untracked 
| 110|0x0000000086e00000, 0x0000000086f00000, 0x0000000086f00000|100%| O|  |TAMS 0x0000000086e00000| PB 0x0000000086e00000| Untracked 
| 111|0x0000000086f00000, 0x0000000087000000, 0x0000000087000000|100%| O|  |TAMS 0x0000000086f00000| PB 0x0000000086f00000| Untracked 
| 112|0x0000000087000000, 0x0000000087100000, 0x0000000087100000|100%| O|  |TAMS 0x0000000087000000| PB 0x0000000087000000| Untracked 
| 113|0x0000000087100000, 0x0000000087200000, 0x0000000087200000|100%| O|  |TAMS 0x0000000087100000| PB 0x0000000087100000| Untracked 
| 114|0x0000000087200000, 0x0000000087300000, 0x0000000087300000|100%| O|  |TAMS 0x0000000087200000| PB 0x0000000087200000| Untracked 
| 115|0x0000000087300000, 0x0000000087400000, 0x0000000087400000|100%| O|  |TAMS 0x0000000087300000| PB 0x0000000087300000| Untracked 
| 116|0x0000000087400000, 0x0000000087500000, 0x0000000087500000|100%| O|  |TAMS 0x0000000087400000| PB 0x0000000087400000| Untracked 
| 117|0x0000000087500000, 0x0000000087600000, 0x0000000087600000|100%| O|  |TAMS 0x0000000087500000| PB 0x0000000087500000| Untracked 
| 118|0x0000000087600000, 0x0000000087700000, 0x0000000087700000|100%| O|  |TAMS 0x0000000087600000| PB 0x0000000087600000| Untracked 
| 119|0x0000000087700000, 0x0000000087800000, 0x0000000087800000|100%|HS|  |TAMS 0x0000000087700000| PB 0x0000000087700000| Complete 
| 120|0x0000000087800000, 0x0000000087900000, 0x0000000087900000|100%| O|  |TAMS 0x0000000087800000| PB 0x0000000087800000| Untracked 
| 121|0x0000000087900000, 0x0000000087a00000, 0x0000000087a00000|100%| O|  |TAMS 0x0000000087900000| PB 0x0000000087900000| Untracked 
| 122|0x0000000087a00000, 0x0000000087b00000, 0x0000000087b00000|100%| O|  |TAMS 0x0000000087a00000| PB 0x0000000087a00000| Untracked 
| 123|0x0000000087b00000, 0x0000000087c00000, 0x0000000087c00000|100%|HS|  |TAMS 0x0000000087b00000| PB 0x0000000087b00000| Complete 
| 124|0x0000000087c00000, 0x0000000087d00000, 0x0000000087d00000|100%| O|  |TAMS 0x0000000087c00000| PB 0x0000000087c00000| Untracked 
| 125|0x0000000087d00000, 0x0000000087e00000, 0x0000000087e00000|100%| O|  |TAMS 0x0000000087d00000| PB 0x0000000087d00000| Untracked 
| 126|0x0000000087e00000, 0x0000000087f00000, 0x0000000087f00000|100%| O|  |TAMS 0x0000000087e00000| PB 0x0000000087e00000| Untracked 
| 127|0x0000000087f00000, 0x0000000088000000, 0x0000000088000000|100%| O|  |TAMS 0x0000000087f00000| PB 0x0000000087f00000| Untracked 
| 128|0x0000000088000000, 0x0000000088100000, 0x0000000088100000|100%| O|  |TAMS 0x0000000088000000| PB 0x0000000088000000| Untracked 
| 129|0x0000000088100000, 0x0000000088200000, 0x0000000088200000|100%| O|  |TAMS 0x0000000088100000| PB 0x0000000088100000| Untracked 
| 130|0x0000000088200000, 0x0000000088300000, 0x0000000088300000|100%| O|  |TAMS 0x0000000088200000| PB 0x0000000088200000| Untracked 
| 131|0x0000000088300000, 0x0000000088400000, 0x0000000088400000|100%| O|  |TAMS 0x0000000088300000| PB 0x0000000088300000| Untracked 
| 132|0x0000000088400000, 0x0000000088500000, 0x0000000088500000|100%| O|  |TAMS 0x0000000088400000| PB 0x0000000088400000| Untracked 
| 133|0x0000000088500000, 0x0000000088600000, 0x0000000088600000|100%| O|  |TAMS 0x0000000088500000| PB 0x0000000088500000| Untracked 
| 134|0x0000000088600000, 0x0000000088700000, 0x0000000088700000|100%| O|  |TAMS 0x0000000088600000| PB 0x0000000088600000| Untracked 
| 135|0x0000000088700000, 0x0000000088800000, 0x0000000088800000|100%| O|Cm|TAMS 0x0000000088700000| PB 0x0000000088700000| Complete 
| 136|0x0000000088800000, 0x0000000088900000, 0x0000000088900000|100%| O|  |TAMS 0x0000000088800000| PB 0x0000000088800000| Untracked 
| 137|0x0000000088900000, 0x0000000088a00000, 0x0000000088a00000|100%| O|  |TAMS 0x0000000088900000| PB 0x0000000088900000| Untracked 
| 138|0x0000000088a00000, 0x0000000088b00000, 0x0000000088b00000|100%| O|  |TAMS 0x0000000088a00000| PB 0x0000000088a00000| Untracked 
| 139|0x0000000088b00000, 0x0000000088c00000, 0x0000000088c00000|100%| O|  |TAMS 0x0000000088b00000| PB 0x0000000088b00000| Untracked 
| 140|0x0000000088c00000, 0x0000000088d00000, 0x0000000088d00000|100%| O|  |TAMS 0x0000000088c00000| PB 0x0000000088c00000| Untracked 
| 141|0x0000000088d00000, 0x0000000088e00000, 0x0000000088e00000|100%| O|  |TAMS 0x0000000088d00000| PB 0x0000000088d00000| Untracked 
| 142|0x0000000088e00000, 0x0000000088f00000, 0x0000000088f00000|100%|HS|  |TAMS 0x0000000088e00000| PB 0x0000000088e00000| Complete 
| 143|0x0000000088f00000, 0x0000000089000000, 0x0000000089000000|100%|HS|  |TAMS 0x0000000088f00000| PB 0x0000000088f00000| Complete 
| 144|0x0000000089000000, 0x0000000089100000, 0x0000000089100000|100%|HC|  |TAMS 0x0000000089000000| PB 0x0000000089000000| Complete 
| 145|0x0000000089100000, 0x0000000089200000, 0x0000000089200000|100%| O|  |TAMS 0x0000000089100000| PB 0x0000000089100000| Untracked 
| 146|0x0000000089200000, 0x0000000089300000, 0x0000000089300000|100%| O|  |TAMS 0x0000000089200000| PB 0x0000000089200000| Untracked 
| 147|0x0000000089300000, 0x0000000089400000, 0x0000000089400000|100%| O|  |TAMS 0x0000000089300000| PB 0x0000000089300000| Untracked 
| 148|0x0000000089400000, 0x0000000089500000, 0x0000000089500000|100%| O|  |TAMS 0x0000000089400000| PB 0x0000000089400000| Untracked 
| 149|0x0000000089500000, 0x0000000089600000, 0x0000000089600000|100%| O|  |TAMS 0x0000000089500000| PB 0x0000000089500000| Untracked 
| 150|0x0000000089600000, 0x0000000089700000, 0x0000000089700000|100%| O|  |TAMS 0x0000000089600000| PB 0x0000000089600000| Untracked 
| 151|0x0000000089700000, 0x0000000089800000, 0x0000000089800000|100%| O|  |TAMS 0x0000000089700000| PB 0x0000000089700000| Untracked 
| 152|0x0000000089800000, 0x0000000089900000, 0x0000000089900000|100%| O|  |TAMS 0x0000000089800000| PB 0x0000000089800000| Untracked 
| 153|0x0000000089900000, 0x0000000089a00000, 0x0000000089a00000|100%| O|  |TAMS 0x0000000089900000| PB 0x0000000089900000| Untracked 
| 154|0x0000000089a00000, 0x0000000089b00000, 0x0000000089b00000|100%| O|  |TAMS 0x0000000089a00000| PB 0x0000000089a00000| Untracked 
| 155|0x0000000089b00000, 0x0000000089c00000, 0x0000000089c00000|100%| O|  |TAMS 0x0000000089b00000| PB 0x0000000089b00000| Untracked 
| 156|0x0000000089c00000, 0x0000000089d00000, 0x0000000089d00000|100%| O|  |TAMS 0x0000000089c00000| PB 0x0000000089c00000| Untracked 
| 157|0x0000000089d00000, 0x0000000089e00000, 0x0000000089e00000|100%| O|  |TAMS 0x0000000089d00000| PB 0x0000000089d00000| Untracked 
| 158|0x0000000089e00000, 0x0000000089f00000, 0x0000000089f00000|100%|HS|  |TAMS 0x0000000089e00000| PB 0x0000000089e00000| Complete 
| 159|0x0000000089f00000, 0x000000008a000000, 0x000000008a000000|100%| O|  |TAMS 0x0000000089f00000| PB 0x0000000089f00000| Untracked 
| 160|0x000000008a000000, 0x000000008a100000, 0x000000008a100000|100%| O|  |TAMS 0x000000008a000000| PB 0x000000008a000000| Untracked 
| 161|0x000000008a100000, 0x000000008a200000, 0x000000008a200000|100%|HS|  |TAMS 0x000000008a100000| PB 0x000000008a100000| Complete 
| 162|0x000000008a200000, 0x000000008a200000, 0x000000008a300000|  0%| F|  |TAMS 0x000000008a200000| PB 0x000000008a200000| Untracked 
| 163|0x000000008a300000, 0x000000008a300000, 0x000000008a400000|  0%| F|  |TAMS 0x000000008a300000| PB 0x000000008a300000| Untracked 
| 164|0x000000008a400000, 0x000000008a500000, 0x000000008a500000|100%| O|  |TAMS 0x000000008a400000| PB 0x000000008a400000| Untracked 
| 165|0x000000008a500000, 0x000000008a600000, 0x000000008a600000|100%| O|  |TAMS 0x000000008a500000| PB 0x000000008a500000| Untracked 
| 166|0x000000008a600000, 0x000000008a700000, 0x000000008a700000|100%| O|  |TAMS 0x000000008a600000| PB 0x000000008a600000| Untracked 
| 167|0x000000008a700000, 0x000000008a800000, 0x000000008a800000|100%| O|  |TAMS 0x000000008a700000| PB 0x000000008a700000| Untracked 
| 168|0x000000008a800000, 0x000000008a900000, 0x000000008a900000|100%| O|  |TAMS 0x000000008a800000| PB 0x000000008a800000| Untracked 
| 169|0x000000008a900000, 0x000000008aa00000, 0x000000008aa00000|100%| O|  |TAMS 0x000000008a900000| PB 0x000000008a900000| Untracked 
| 170|0x000000008aa00000, 0x000000008ab00000, 0x000000008ab00000|100%| O|  |TAMS 0x000000008aa00000| PB 0x000000008aa00000| Untracked 
| 171|0x000000008ab00000, 0x000000008ac00000, 0x000000008ac00000|100%| O|  |TAMS 0x000000008ab00000| PB 0x000000008ab00000| Untracked 
| 172|0x000000008ac00000, 0x000000008ad00000, 0x000000008ad00000|100%| O|  |TAMS 0x000000008ac00000| PB 0x000000008ac00000| Untracked 
| 173|0x000000008ad00000, 0x000000008ad00000, 0x000000008ae00000|  0%| F|  |TAMS 0x000000008ad00000| PB 0x000000008ad00000| Untracked 
| 174|0x000000008ae00000, 0x000000008af00000, 0x000000008af00000|100%| O|Cm|TAMS 0x000000008ae00000| PB 0x000000008ae00000| Complete 
| 175|0x000000008af00000, 0x000000008b000000, 0x000000008b000000|100%| O|Cm|TAMS 0x000000008af00000| PB 0x000000008af00000| Complete 
| 176|0x000000008b000000, 0x000000008b100000, 0x000000008b100000|100%| O|Cm|TAMS 0x000000008b000000| PB 0x000000008b000000| Complete 
| 177|0x000000008b100000, 0x000000008b200000, 0x000000008b200000|100%| O|Cm|TAMS 0x000000008b100000| PB 0x000000008b100000| Complete 
| 178|0x000000008b200000, 0x000000008b300000, 0x000000008b300000|100%| O|  |TAMS 0x000000008b200000| PB 0x000000008b200000| Untracked 
| 179|0x000000008b300000, 0x000000008b400000, 0x000000008b400000|100%| O|  |TAMS 0x000000008b300000| PB 0x000000008b300000| Untracked 
| 180|0x000000008b400000, 0x000000008b500000, 0x000000008b500000|100%| O|  |TAMS 0x000000008b400000| PB 0x000000008b400000| Untracked 
| 181|0x000000008b500000, 0x000000008b600000, 0x000000008b600000|100%| O|  |TAMS 0x000000008b500000| PB 0x000000008b500000| Untracked 
| 182|0x000000008b600000, 0x000000008b700000, 0x000000008b700000|100%| O|  |TAMS 0x000000008b600000| PB 0x000000008b600000| Untracked 
| 183|0x000000008b700000, 0x000000008b800000, 0x000000008b800000|100%| O|  |TAMS 0x000000008b700000| PB 0x000000008b700000| Untracked 
| 184|0x000000008b800000, 0x000000008b900000, 0x000000008b900000|100%| O|  |TAMS 0x000000008b800000| PB 0x000000008b800000| Untracked 
| 185|0x000000008b900000, 0x000000008ba00000, 0x000000008ba00000|100%| O|  |TAMS 0x000000008b900000| PB 0x000000008b900000| Untracked 
| 186|0x000000008ba00000, 0x000000008bb00000, 0x000000008bb00000|100%| O|  |TAMS 0x000000008ba00000| PB 0x000000008ba00000| Untracked 
| 187|0x000000008bb00000, 0x000000008bc00000, 0x000000008bc00000|100%| O|  |TAMS 0x000000008bb00000| PB 0x000000008bb00000| Untracked 
| 188|0x000000008bc00000, 0x000000008bd00000, 0x000000008bd00000|100%| O|  |TAMS 0x000000008bc00000| PB 0x000000008bc00000| Untracked 
| 189|0x000000008bd00000, 0x000000008be00000, 0x000000008be00000|100%| O|  |TAMS 0x000000008bd00000| PB 0x000000008bd00000| Untracked 
| 190|0x000000008be00000, 0x000000008bf00000, 0x000000008bf00000|100%| O|  |TAMS 0x000000008be00000| PB 0x000000008be00000| Untracked 
| 191|0x000000008bf00000, 0x000000008c000000, 0x000000008c000000|100%| O|  |TAMS 0x000000008bf00000| PB 0x000000008bf00000| Untracked 
| 192|0x000000008c000000, 0x000000008c100000, 0x000000008c100000|100%| O|Cm|TAMS 0x000000008c000000| PB 0x000000008c000000| Complete 
| 193|0x000000008c100000, 0x000000008c131e90, 0x000000008c200000| 19%| O|  |TAMS 0x000000008c100000| PB 0x000000008c100000| Untracked 
| 194|0x000000008c200000, 0x000000008c200000, 0x000000008c300000|  0%| F|  |TAMS 0x000000008c200000| PB 0x000000008c200000| Untracked 
| 195|0x000000008c300000, 0x000000008c300000, 0x000000008c400000|  0%| F|  |TAMS 0x000000008c300000| PB 0x000000008c300000| Untracked 
| 196|0x000000008c400000, 0x000000008c400000, 0x000000008c500000|  0%| F|  |TAMS 0x000000008c400000| PB 0x000000008c400000| Untracked 
| 197|0x000000008c500000, 0x000000008c500000, 0x000000008c600000|  0%| F|  |TAMS 0x000000008c500000| PB 0x000000008c500000| Untracked 
| 198|0x000000008c600000, 0x000000008c600000, 0x000000008c700000|  0%| F|  |TAMS 0x000000008c600000| PB 0x000000008c600000| Untracked 
| 199|0x000000008c700000, 0x000000008c700000, 0x000000008c800000|  0%| F|  |TAMS 0x000000008c700000| PB 0x000000008c700000| Untracked 
| 200|0x000000008c800000, 0x000000008c800000, 0x000000008c900000|  0%| F|  |TAMS 0x000000008c800000| PB 0x000000008c800000| Untracked 
| 201|0x000000008c900000, 0x000000008c900000, 0x000000008ca00000|  0%| F|  |TAMS 0x000000008c900000| PB 0x000000008c900000| Untracked 
| 202|0x000000008ca00000, 0x000000008ca00000, 0x000000008cb00000|  0%| F|  |TAMS 0x000000008ca00000| PB 0x000000008ca00000| Untracked 
| 203|0x000000008cb00000, 0x000000008cb00000, 0x000000008cc00000|  0%| F|  |TAMS 0x000000008cb00000| PB 0x000000008cb00000| Untracked 
| 204|0x000000008cc00000, 0x000000008cc00000, 0x000000008cd00000|  0%| F|  |TAMS 0x000000008cc00000| PB 0x000000008cc00000| Untracked 
| 205|0x000000008cd00000, 0x000000008cd00000, 0x000000008ce00000|  0%| F|  |TAMS 0x000000008cd00000| PB 0x000000008cd00000| Untracked 
| 206|0x000000008ce00000, 0x000000008ce00000, 0x000000008cf00000|  0%| F|  |TAMS 0x000000008ce00000| PB 0x000000008ce00000| Untracked 
| 207|0x000000008cf00000, 0x000000008cf00000, 0x000000008d000000|  0%| F|  |TAMS 0x000000008cf00000| PB 0x000000008cf00000| Untracked 
| 208|0x000000008d000000, 0x000000008d000000, 0x000000008d100000|  0%| F|  |TAMS 0x000000008d000000| PB 0x000000008d000000| Untracked 
| 209|0x000000008d100000, 0x000000008d100000, 0x000000008d200000|  0%| F|  |TAMS 0x000000008d100000| PB 0x000000008d100000| Untracked 
| 210|0x000000008d200000, 0x000000008d200000, 0x000000008d300000|  0%| F|  |TAMS 0x000000008d200000| PB 0x000000008d200000| Untracked 
| 211|0x000000008d300000, 0x000000008d300000, 0x000000008d400000|  0%| F|  |TAMS 0x000000008d300000| PB 0x000000008d300000| Untracked 
| 212|0x000000008d400000, 0x000000008d400000, 0x000000008d500000|  0%| F|  |TAMS 0x000000008d400000| PB 0x000000008d400000| Untracked 
| 213|0x000000008d500000, 0x000000008d500000, 0x000000008d600000|  0%| F|  |TAMS 0x000000008d500000| PB 0x000000008d500000| Untracked 
| 214|0x000000008d600000, 0x000000008d600000, 0x000000008d700000|  0%| F|  |TAMS 0x000000008d600000| PB 0x000000008d600000| Untracked 
| 215|0x000000008d700000, 0x000000008d700000, 0x000000008d800000|  0%| F|  |TAMS 0x000000008d700000| PB 0x000000008d700000| Untracked 
| 216|0x000000008d800000, 0x000000008d800000, 0x000000008d900000|  0%| F|  |TAMS 0x000000008d800000| PB 0x000000008d800000| Untracked 
| 217|0x000000008d900000, 0x000000008d900000, 0x000000008da00000|  0%| F|  |TAMS 0x000000008d900000| PB 0x000000008d900000| Untracked 
| 218|0x000000008da00000, 0x000000008da00000, 0x000000008db00000|  0%| F|  |TAMS 0x000000008da00000| PB 0x000000008da00000| Untracked 
| 219|0x000000008db00000, 0x000000008db00000, 0x000000008dc00000|  0%| F|  |TAMS 0x000000008db00000| PB 0x000000008db00000| Untracked 
| 220|0x000000008dc00000, 0x000000008dc00000, 0x000000008dd00000|  0%| F|  |TAMS 0x000000008dc00000| PB 0x000000008dc00000| Untracked 
| 221|0x000000008dd00000, 0x000000008dd00000, 0x000000008de00000|  0%| F|  |TAMS 0x000000008dd00000| PB 0x000000008dd00000| Untracked 
| 222|0x000000008de00000, 0x000000008de00000, 0x000000008df00000|  0%| F|  |TAMS 0x000000008de00000| PB 0x000000008de00000| Untracked 
| 223|0x000000008df00000, 0x000000008df00000, 0x000000008e000000|  0%| F|  |TAMS 0x000000008df00000| PB 0x000000008df00000| Untracked 
| 224|0x000000008e000000, 0x000000008e000000, 0x000000008e100000|  0%| F|  |TAMS 0x000000008e000000| PB 0x000000008e000000| Untracked 
| 225|0x000000008e100000, 0x000000008e100000, 0x000000008e200000|  0%| F|  |TAMS 0x000000008e100000| PB 0x000000008e100000| Untracked 
| 226|0x000000008e200000, 0x000000008e200000, 0x000000008e300000|  0%| F|  |TAMS 0x000000008e200000| PB 0x000000008e200000| Untracked 
| 227|0x000000008e300000, 0x000000008e300000, 0x000000008e400000|  0%| F|  |TAMS 0x000000008e300000| PB 0x000000008e300000| Untracked 
| 228|0x000000008e400000, 0x000000008e400000, 0x000000008e500000|  0%| F|  |TAMS 0x000000008e400000| PB 0x000000008e400000| Untracked 
| 229|0x000000008e500000, 0x000000008e500000, 0x000000008e600000|  0%| F|  |TAMS 0x000000008e500000| PB 0x000000008e500000| Untracked 
| 230|0x000000008e600000, 0x000000008e600000, 0x000000008e700000|  0%| F|  |TAMS 0x000000008e600000| PB 0x000000008e600000| Untracked 
| 231|0x000000008e700000, 0x000000008e700000, 0x000000008e800000|  0%| F|  |TAMS 0x000000008e700000| PB 0x000000008e700000| Untracked 
| 232|0x000000008e800000, 0x000000008e800000, 0x000000008e900000|  0%| F|  |TAMS 0x000000008e800000| PB 0x000000008e800000| Untracked 
| 233|0x000000008e900000, 0x000000008e900000, 0x000000008ea00000|  0%| F|  |TAMS 0x000000008e900000| PB 0x000000008e900000| Untracked 
| 234|0x000000008ea00000, 0x000000008ea00000, 0x000000008eb00000|  0%| F|  |TAMS 0x000000008ea00000| PB 0x000000008ea00000| Untracked 
| 235|0x000000008eb00000, 0x000000008eb00000, 0x000000008ec00000|  0%| F|  |TAMS 0x000000008eb00000| PB 0x000000008eb00000| Untracked 
| 236|0x000000008ec00000, 0x000000008ec00000, 0x000000008ed00000|  0%| F|  |TAMS 0x000000008ec00000| PB 0x000000008ec00000| Untracked 
| 237|0x000000008ed00000, 0x000000008ed00000, 0x000000008ee00000|  0%| F|  |TAMS 0x000000008ed00000| PB 0x000000008ed00000| Untracked 
| 238|0x000000008ee00000, 0x000000008ee00000, 0x000000008ef00000|  0%| F|  |TAMS 0x000000008ee00000| PB 0x000000008ee00000| Untracked 
| 239|0x000000008ef00000, 0x000000008ef00000, 0x000000008f000000|  0%| F|  |TAMS 0x000000008ef00000| PB 0x000000008ef00000| Untracked 
| 240|0x000000008f000000, 0x000000008f000000, 0x000000008f100000|  0%| F|  |TAMS 0x000000008f000000| PB 0x000000008f000000| Untracked 
| 241|0x000000008f100000, 0x000000008f100000, 0x000000008f200000|  0%| F|  |TAMS 0x000000008f100000| PB 0x000000008f100000| Untracked 
| 242|0x000000008f200000, 0x000000008f200000, 0x000000008f300000|  0%| F|  |TAMS 0x000000008f200000| PB 0x000000008f200000| Untracked 
| 243|0x000000008f300000, 0x000000008f300000, 0x000000008f400000|  0%| F|  |TAMS 0x000000008f300000| PB 0x000000008f300000| Untracked 
| 244|0x000000008f400000, 0x000000008f400000, 0x000000008f500000|  0%| F|  |TAMS 0x000000008f400000| PB 0x000000008f400000| Untracked 
| 245|0x000000008f500000, 0x000000008f500000, 0x000000008f600000|  0%| F|  |TAMS 0x000000008f500000| PB 0x000000008f500000| Untracked 
| 246|0x000000008f600000, 0x000000008f600000, 0x000000008f700000|  0%| F|  |TAMS 0x000000008f600000| PB 0x000000008f600000| Untracked 
| 247|0x000000008f700000, 0x000000008f700000, 0x000000008f800000|  0%| F|  |TAMS 0x000000008f700000| PB 0x000000008f700000| Untracked 
| 248|0x000000008f800000, 0x000000008f800000, 0x000000008f900000|  0%| F|  |TAMS 0x000000008f800000| PB 0x000000008f800000| Untracked 
| 249|0x000000008f900000, 0x000000008f900000, 0x000000008fa00000|  0%| F|  |TAMS 0x000000008f900000| PB 0x000000008f900000| Untracked 
| 250|0x000000008fa00000, 0x000000008fa00000, 0x000000008fb00000|  0%| F|  |TAMS 0x000000008fa00000| PB 0x000000008fa00000| Untracked 
| 251|0x000000008fb00000, 0x000000008fb00000, 0x000000008fc00000|  0%| F|  |TAMS 0x000000008fb00000| PB 0x000000008fb00000| Untracked 
| 252|0x000000008fc00000, 0x000000008fc00000, 0x000000008fd00000|  0%| F|  |TAMS 0x000000008fc00000| PB 0x000000008fc00000| Untracked 
| 253|0x000000008fd00000, 0x000000008fd00000, 0x000000008fe00000|  0%| F|  |TAMS 0x000000008fd00000| PB 0x000000008fd00000| Untracked 
| 254|0x000000008fe00000, 0x000000008fe00000, 0x000000008ff00000|  0%| F|  |TAMS 0x000000008fe00000| PB 0x000000008fe00000| Untracked 
| 255|0x000000008ff00000, 0x000000008ff00000, 0x0000000090000000|  0%| F|  |TAMS 0x000000008ff00000| PB 0x000000008ff00000| Untracked 
| 256|0x0000000090000000, 0x0000000090000000, 0x0000000090100000|  0%| F|  |TAMS 0x0000000090000000| PB 0x0000000090000000| Untracked 
| 257|0x0000000090100000, 0x0000000090100000, 0x0000000090200000|  0%| F|  |TAMS 0x0000000090100000| PB 0x0000000090100000| Untracked 
| 258|0x0000000090200000, 0x0000000090200000, 0x0000000090300000|  0%| F|  |TAMS 0x0000000090200000| PB 0x0000000090200000| Untracked 
| 259|0x0000000090300000, 0x0000000090300000, 0x0000000090400000|  0%| F|  |TAMS 0x0000000090300000| PB 0x0000000090300000| Untracked 
| 260|0x0000000090400000, 0x0000000090400000, 0x0000000090500000|  0%| F|  |TAMS 0x0000000090400000| PB 0x0000000090400000| Untracked 
| 261|0x0000000090500000, 0x0000000090500000, 0x0000000090600000|  0%| F|  |TAMS 0x0000000090500000| PB 0x0000000090500000| Untracked 
| 262|0x0000000090600000, 0x0000000090600000, 0x0000000090700000|  0%| F|  |TAMS 0x0000000090600000| PB 0x0000000090600000| Untracked 
| 263|0x0000000090700000, 0x0000000090700000, 0x0000000090800000|  0%| F|  |TAMS 0x0000000090700000| PB 0x0000000090700000| Untracked 
| 264|0x0000000090800000, 0x0000000090800000, 0x0000000090900000|  0%| F|  |TAMS 0x0000000090800000| PB 0x0000000090800000| Untracked 
| 265|0x0000000090900000, 0x0000000090900000, 0x0000000090a00000|  0%| F|  |TAMS 0x0000000090900000| PB 0x0000000090900000| Untracked 
| 266|0x0000000090a00000, 0x0000000090a00000, 0x0000000090b00000|  0%| F|  |TAMS 0x0000000090a00000| PB 0x0000000090a00000| Untracked 
| 267|0x0000000090b00000, 0x0000000090b00000, 0x0000000090c00000|  0%| F|  |TAMS 0x0000000090b00000| PB 0x0000000090b00000| Untracked 
| 268|0x0000000090c00000, 0x0000000090c00000, 0x0000000090d00000|  0%| F|  |TAMS 0x0000000090c00000| PB 0x0000000090c00000| Untracked 
| 269|0x0000000090d00000, 0x0000000090d00000, 0x0000000090e00000|  0%| F|  |TAMS 0x0000000090d00000| PB 0x0000000090d00000| Untracked 
| 270|0x0000000090e00000, 0x0000000090e00000, 0x0000000090f00000|  0%| F|  |TAMS 0x0000000090e00000| PB 0x0000000090e00000| Untracked 
| 271|0x0000000090f00000, 0x0000000090f00000, 0x0000000091000000|  0%| F|  |TAMS 0x0000000090f00000| PB 0x0000000090f00000| Untracked 
| 272|0x0000000091000000, 0x0000000091000000, 0x0000000091100000|  0%| F|  |TAMS 0x0000000091000000| PB 0x0000000091000000| Untracked 
| 273|0x0000000091100000, 0x0000000091100000, 0x0000000091200000|  0%| F|  |TAMS 0x0000000091100000| PB 0x0000000091100000| Untracked 
| 274|0x0000000091200000, 0x0000000091200000, 0x0000000091300000|  0%| F|  |TAMS 0x0000000091200000| PB 0x0000000091200000| Untracked 
| 275|0x0000000091300000, 0x0000000091300000, 0x0000000091400000|  0%| F|  |TAMS 0x0000000091300000| PB 0x0000000091300000| Untracked 
| 276|0x0000000091400000, 0x0000000091400000, 0x0000000091500000|  0%| F|  |TAMS 0x0000000091400000| PB 0x0000000091400000| Untracked 
| 277|0x0000000091500000, 0x0000000091500000, 0x0000000091600000|  0%| F|  |TAMS 0x0000000091500000| PB 0x0000000091500000| Untracked 
| 278|0x0000000091600000, 0x0000000091600000, 0x0000000091700000|  0%| F|  |TAMS 0x0000000091600000| PB 0x0000000091600000| Untracked 
| 279|0x0000000091700000, 0x0000000091700000, 0x0000000091800000|  0%| F|  |TAMS 0x0000000091700000| PB 0x0000000091700000| Untracked 
| 280|0x0000000091800000, 0x0000000091800000, 0x0000000091900000|  0%| F|  |TAMS 0x0000000091800000| PB 0x0000000091800000| Untracked 
| 281|0x0000000091900000, 0x0000000091900000, 0x0000000091a00000|  0%| F|  |TAMS 0x0000000091900000| PB 0x0000000091900000| Untracked 
| 282|0x0000000091a00000, 0x0000000091a00000, 0x0000000091b00000|  0%| F|  |TAMS 0x0000000091a00000| PB 0x0000000091a00000| Untracked 
| 283|0x0000000091b00000, 0x0000000091b00000, 0x0000000091c00000|  0%| F|  |TAMS 0x0000000091b00000| PB 0x0000000091b00000| Untracked 
| 284|0x0000000091c00000, 0x0000000091c00000, 0x0000000091d00000|  0%| F|  |TAMS 0x0000000091c00000| PB 0x0000000091c00000| Untracked 
| 285|0x0000000091d00000, 0x0000000091d00000, 0x0000000091e00000|  0%| F|  |TAMS 0x0000000091d00000| PB 0x0000000091d00000| Untracked 
| 286|0x0000000091e00000, 0x0000000091e00000, 0x0000000091f00000|  0%| F|  |TAMS 0x0000000091e00000| PB 0x0000000091e00000| Untracked 
| 287|0x0000000091f00000, 0x0000000091f00000, 0x0000000092000000|  0%| F|  |TAMS 0x0000000091f00000| PB 0x0000000091f00000| Untracked 
| 288|0x0000000092000000, 0x0000000092000000, 0x0000000092100000|  0%| F|  |TAMS 0x0000000092000000| PB 0x0000000092000000| Untracked 
| 289|0x0000000092100000, 0x0000000092100000, 0x0000000092200000|  0%| F|  |TAMS 0x0000000092100000| PB 0x0000000092100000| Untracked 
| 290|0x0000000092200000, 0x0000000092200000, 0x0000000092300000|  0%| F|  |TAMS 0x0000000092200000| PB 0x0000000092200000| Untracked 
| 291|0x0000000092300000, 0x0000000092300000, 0x0000000092400000|  0%| F|  |TAMS 0x0000000092300000| PB 0x0000000092300000| Untracked 
| 292|0x0000000092400000, 0x0000000092474ef0, 0x0000000092500000| 45%| S|CS|TAMS 0x0000000092400000| PB 0x0000000092400000| Complete 
| 293|0x0000000092500000, 0x0000000092600000, 0x0000000092600000|100%| S|CS|TAMS 0x0000000092500000| PB 0x0000000092500000| Complete 
| 294|0x0000000092600000, 0x0000000092700000, 0x0000000092700000|100%| S|CS|TAMS 0x0000000092600000| PB 0x0000000092600000| Complete 
| 295|0x0000000092700000, 0x0000000092800000, 0x0000000092800000|100%| S|CS|TAMS 0x0000000092700000| PB 0x0000000092700000| Complete 
| 296|0x0000000092800000, 0x0000000092900000, 0x0000000092900000|100%| S|CS|TAMS 0x0000000092800000| PB 0x0000000092800000| Complete 
| 297|0x0000000092900000, 0x0000000092a00000, 0x0000000092a00000|100%| S|CS|TAMS 0x0000000092900000| PB 0x0000000092900000| Complete 
| 298|0x0000000092a00000, 0x0000000092b00000, 0x0000000092b00000|100%| S|CS|TAMS 0x0000000092a00000| PB 0x0000000092a00000| Complete 
| 299|0x0000000092b00000, 0x0000000092c00000, 0x0000000092c00000|100%| S|CS|TAMS 0x0000000092b00000| PB 0x0000000092b00000| Complete 
| 300|0x0000000092c00000, 0x0000000092c00000, 0x0000000092d00000|  0%| F|  |TAMS 0x0000000092c00000| PB 0x0000000092c00000| Untracked 
| 301|0x0000000092d00000, 0x0000000092d00000, 0x0000000092e00000|  0%| F|  |TAMS 0x0000000092d00000| PB 0x0000000092d00000| Untracked 
| 302|0x0000000092e00000, 0x0000000092f00000, 0x0000000092f00000|100%| E|CS|TAMS 0x0000000092e00000| PB 0x0000000092e00000| Complete 
| 303|0x0000000092f00000, 0x0000000093000000, 0x0000000093000000|100%| E|CS|TAMS 0x0000000092f00000| PB 0x0000000092f00000| Complete 
| 304|0x0000000093000000, 0x0000000093100000, 0x0000000093100000|100%| E|CS|TAMS 0x0000000093000000| PB 0x0000000093000000| Complete 
| 305|0x0000000093100000, 0x0000000093200000, 0x0000000093200000|100%| E|  |TAMS 0x0000000093100000| PB 0x0000000093100000| Complete 
| 306|0x0000000093200000, 0x0000000093300000, 0x0000000093300000|100%| E|CS|TAMS 0x0000000093200000| PB 0x0000000093200000| Complete 
| 307|0x0000000093300000, 0x0000000093400000, 0x0000000093400000|100%| E|CS|TAMS 0x0000000093300000| PB 0x0000000093300000| Complete 
| 308|0x0000000093400000, 0x0000000093400000, 0x0000000093500000|  0%| F|  |TAMS 0x0000000093400000| PB 0x0000000093400000| Untracked 
| 309|0x0000000093500000, 0x0000000093500000, 0x0000000093600000|  0%| F|  |TAMS 0x0000000093500000| PB 0x0000000093500000| Untracked 
| 310|0x0000000093600000, 0x0000000093600000, 0x0000000093700000|  0%| F|  |TAMS 0x0000000093600000| PB 0x0000000093600000| Untracked 
| 311|0x0000000093700000, 0x0000000093700000, 0x0000000093800000|  0%| F|  |TAMS 0x0000000093700000| PB 0x0000000093700000| Untracked 
| 312|0x0000000093800000, 0x0000000093800000, 0x0000000093900000|  0%| F|  |TAMS 0x0000000093800000| PB 0x0000000093800000| Untracked 
| 313|0x0000000093900000, 0x0000000093900000, 0x0000000093a00000|  0%| F|  |TAMS 0x0000000093900000| PB 0x0000000093900000| Untracked 
| 314|0x0000000093a00000, 0x0000000093a00000, 0x0000000093b00000|  0%| F|  |TAMS 0x0000000093a00000| PB 0x0000000093a00000| Untracked 
| 315|0x0000000093b00000, 0x0000000093b00000, 0x0000000093c00000|  0%| F|  |TAMS 0x0000000093b00000| PB 0x0000000093b00000| Untracked 
| 316|0x0000000093c00000, 0x0000000093c00000, 0x0000000093d00000|  0%| F|  |TAMS 0x0000000093c00000| PB 0x0000000093c00000| Untracked 
| 317|0x0000000093d00000, 0x0000000093d00000, 0x0000000093e00000|  0%| F|  |TAMS 0x0000000093d00000| PB 0x0000000093d00000| Untracked 
| 318|0x0000000093e00000, 0x0000000093e00000, 0x0000000093f00000|  0%| F|  |TAMS 0x0000000093e00000| PB 0x0000000093e00000| Untracked 
| 319|0x0000000093f00000, 0x0000000093f00000, 0x0000000094000000|  0%| F|  |TAMS 0x0000000093f00000| PB 0x0000000093f00000| Untracked 
| 320|0x0000000094000000, 0x0000000094000000, 0x0000000094100000|  0%| F|  |TAMS 0x0000000094000000| PB 0x0000000094000000| Untracked 
| 321|0x0000000094100000, 0x00000000941f6f08, 0x0000000094200000| 96%| E|  |TAMS 0x0000000094100000| PB 0x0000000094100000| Complete 
| 322|0x0000000094200000, 0x0000000094300000, 0x0000000094300000|100%| E|CS|TAMS 0x0000000094200000| PB 0x0000000094200000| Complete 
| 323|0x0000000094300000, 0x0000000094400000, 0x0000000094400000|100%| E|CS|TAMS 0x0000000094300000| PB 0x0000000094300000| Complete 
| 324|0x0000000094400000, 0x0000000094500000, 0x0000000094500000|100%| E|CS|TAMS 0x0000000094400000| PB 0x0000000094400000| Complete 
| 325|0x0000000094500000, 0x0000000094600000, 0x0000000094600000|100%| E|CS|TAMS 0x0000000094500000| PB 0x0000000094500000| Complete 
| 326|0x0000000094600000, 0x0000000094700000, 0x0000000094700000|100%| E|CS|TAMS 0x0000000094600000| PB 0x0000000094600000| Complete 
| 327|0x0000000094700000, 0x0000000094800000, 0x0000000094800000|100%| E|CS|TAMS 0x0000000094700000| PB 0x0000000094700000| Complete 
| 328|0x0000000094800000, 0x0000000094900000, 0x0000000094900000|100%| E|CS|TAMS 0x0000000094800000| PB 0x0000000094800000| Complete 
| 329|0x0000000094900000, 0x0000000094a00000, 0x0000000094a00000|100%| E|CS|TAMS 0x0000000094900000| PB 0x0000000094900000| Complete 
| 330|0x0000000094a00000, 0x0000000094b00000, 0x0000000094b00000|100%| E|CS|TAMS 0x0000000094a00000| PB 0x0000000094a00000| Complete 
| 331|0x0000000094b00000, 0x0000000094c00000, 0x0000000094c00000|100%| E|CS|TAMS 0x0000000094b00000| PB 0x0000000094b00000| Complete 
| 332|0x0000000094c00000, 0x0000000094d00000, 0x0000000094d00000|100%| E|CS|TAMS 0x0000000094c00000| PB 0x0000000094c00000| Complete 
| 333|0x0000000094d00000, 0x0000000094e00000, 0x0000000094e00000|100%| E|CS|TAMS 0x0000000094d00000| PB 0x0000000094d00000| Complete 
| 334|0x0000000094e00000, 0x0000000094f00000, 0x0000000094f00000|100%| E|CS|TAMS 0x0000000094e00000| PB 0x0000000094e00000| Complete 
| 335|0x0000000094f00000, 0x0000000095000000, 0x0000000095000000|100%| E|CS|TAMS 0x0000000094f00000| PB 0x0000000094f00000| Complete 
| 379|0x0000000097b00000, 0x0000000097c00000, 0x0000000097c00000|100%| E|CS|TAMS 0x0000000097b00000| PB 0x0000000097b00000| Complete 
|2035|0x00000000ff300000, 0x00000000ff400000, 0x00000000ff400000|100%| E|CS|TAMS 0x00000000ff300000| PB 0x00000000ff300000| Complete 
|2036|0x00000000ff400000, 0x00000000ff500000, 0x00000000ff500000|100%| E|CS|TAMS 0x00000000ff400000| PB 0x00000000ff400000| Complete 
|2037|0x00000000ff500000, 0x00000000ff600000, 0x00000000ff600000|100%| O|  |TAMS 0x00000000ff500000| PB 0x00000000ff500000| Untracked 
|2038|0x00000000ff600000, 0x00000000ff700000, 0x00000000ff700000|100%| O|  |TAMS 0x00000000ff600000| PB 0x00000000ff600000| Untracked 
|2039|0x00000000ff700000, 0x00000000ff800000, 0x00000000ff800000|100%| O|  |TAMS 0x00000000ff700000| PB 0x00000000ff700000| Untracked 
|2040|0x00000000ff800000, 0x00000000ff900000, 0x00000000ff900000|100%| O|  |TAMS 0x00000000ff800000| PB 0x00000000ff800000| Untracked 
|2041|0x00000000ff900000, 0x00000000ffa00000, 0x00000000ffa00000|100%| O|  |TAMS 0x00000000ff900000| PB 0x00000000ff900000| Untracked 
|2042|0x00000000ffa00000, 0x00000000ffb00000, 0x00000000ffb00000|100%| O|  |TAMS 0x00000000ffa00000| PB 0x00000000ffa00000| Untracked 
|2043|0x00000000ffb00000, 0x00000000ffc00000, 0x00000000ffc00000|100%| O|  |TAMS 0x00000000ffb00000| PB 0x00000000ffb00000| Untracked 
|2044|0x00000000ffc00000, 0x00000000ffd00000, 0x00000000ffd00000|100%| O|  |TAMS 0x00000000ffc00000| PB 0x00000000ffc00000| Untracked 
|2045|0x00000000ffd00000, 0x00000000ffe00000, 0x00000000ffe00000|100%| O|  |TAMS 0x00000000ffd00000| PB 0x00000000ffd00000| Untracked 
|2046|0x00000000ffe00000, 0x00000000fff00000, 0x00000000fff00000|100%| O|  |TAMS 0x00000000ffe00000| PB 0x00000000ffe00000| Untracked 
|2047|0x00000000fff00000, 0x0000000100000000, 0x0000000100000000|100%| O|  |TAMS 0x00000000fff00000| PB 0x00000000fff00000| Untracked 

Card table byte_map: [0x000001ae20100000,0x000001ae20500000] _byte_map_base: 0x000001ae1fd00000

Marking Bits: (CMBitMap*) 0x000001ae07dbdac0
 Bits: [0x000001ae20500000, 0x000001ae22500000)

Polling page: 0x000001ae058c0000

Metaspace:

Usage:
  Non-class:     97.59 MB used.
      Class:     16.01 MB used.
       Both:    113.60 MB used.

Virtual space:
  Non-class space:      128.00 MB reserved,      99.06 MB ( 77%) committed,  2 nodes.
      Class space:      416.00 MB reserved,      17.44 MB (  4%) committed,  1 nodes.
             Both:      544.00 MB reserved,     116.50 MB ( 21%) committed. 

Chunk freelists:
   Non-Class:  12.50 MB
       Class:  14.44 MB
        Both:  26.94 MB

MaxMetaspaceSize: 512.00 MB
CompressedClassSpaceSize: 416.00 MB
Initial GC threshold: 21.00 MB
Current GC threshold: 194.00 MB
CDS: on
 - commit_granule_bytes: 65536.
 - commit_granule_words: 8192.
 - virtual_space_node_default_size: 8388608.
 - enlarge_chunks_in_place: 1.
 - use_allocation_guard: 0.


Internal statistics:

num_allocs_failed_limit: 12.
num_arena_births: 5202.
num_arena_deaths: 0.
num_vsnodes_births: 3.
num_vsnodes_deaths: 0.
num_space_committed: 1864.
num_space_uncommitted: 0.
num_chunks_returned_to_freelist: 12.
num_chunks_taken_from_freelist: 10875.
num_chunk_merges: 9.
num_chunk_splits: 7093.
num_chunks_enlarged: 4412.
num_inconsistent_stats: 0.

CodeHeap 'non-profiled nmethods': size=119168Kb used=9549Kb max_used=9549Kb free=109618Kb
 bounds [0x000001ae18010000, 0x000001ae18970000, 0x000001ae1f470000]
CodeHeap 'profiled nmethods': size=119104Kb used=29705Kb max_used=30126Kb free=89398Kb
 bounds [0x000001ae10470000, 0x000001ae121f0000, 0x000001ae178c0000]
CodeHeap 'non-nmethods': size=7488Kb used=2629Kb max_used=3786Kb free=4858Kb
 bounds [0x000001ae178c0000, 0x000001ae17c90000, 0x000001ae18010000]
CodeCache: size=245760Kb, used=41883Kb, max_used=43461Kb, free=203874Kb
 total_blobs=16254, nmethods=15338, adapters=818, full_count=0
Compilation: enabled, stopped_count=0, restarted_count=0

Compilation events (20 events):
Event: 33.497 Thread 0x000001ae255fdb10 18567       1       org.jetbrains.kotlin.gradle.plugin.mpp.KotlinAndroidTarget::getCompilations (5 bytes)
Event: 33.497 Thread 0x000001ae255fdb10 nmethod 18567 0x000001ae18963410 code [0x000001ae189635a0, 0x000001ae18963668]
Event: 33.498 Thread 0x000001ae255fdb10 18568       3       groovy.lang.MetaClassImpl::getNormalMethodWithCaching (95 bytes)
Event: 33.499 Thread 0x000001ae255fdb10 nmethod 18568 0x000001ae1099d210 code [0x000001ae1099d420, 0x000001ae1099dbf8]
Event: 33.505 Thread 0x000001ae255fd440 18570       3       sun.reflect.generics.tree.ArrayTypeSignature::make (9 bytes)
Event: 33.505 Thread 0x000001ae255fdb10 18569       3       sun.reflect.generics.parser.SignatureParser::parseArrayTypeSignature (29 bytes)
Event: 33.505 Thread 0x000001ae255fd440 nmethod 18570 0x000001ae110c8c10 code [0x000001ae110c8dc0, 0x000001ae110c9020]
Event: 33.505 Thread 0x000001ae255fd440 18575       3       sun.reflect.generics.parser.SignatureParser::parseFormalTypeParameters (119 bytes)
Event: 33.505 Thread 0x000001ae255fdb10 nmethod 18569 0x000001ae119d5e10 code [0x000001ae119d6020, 0x000001ae119d6428]
Event: 33.505 Thread 0x000001ae255fdb10 18571       3       sun.reflect.generics.tree.ArrayTypeSignature::<init> (10 bytes)
Event: 33.505 Thread 0x000001ae255fdb10 nmethod 18571 0x000001ae11102410 code [0x000001ae111025c0, 0x000001ae11102778]
Event: 33.505 Thread 0x000001ae255fdb10 18572       3       sun.reflect.generics.tree.ArrayTypeSignature::accept (8 bytes)
Event: 33.506 Thread 0x000001ae255fdb10 nmethod 18572 0x000001ae11c9a990 code [0x000001ae11c9abc0, 0x000001ae11c9b460]
Event: 33.506 Thread 0x000001ae255fdb10 18573       3       sun.reflect.generics.visitor.Reifier::visitArrayTypeSignature (30 bytes)
Event: 33.506 Thread 0x000001ae255fdb10 nmethod 18573 0x000001ae112ff590 code [0x000001ae112ff7a0, 0x000001ae112fff78]
Event: 33.506 Thread 0x000001ae255fdb10 18574       3       sun.reflect.generics.factory.CoreReflectionFactory::makeArrayType (24 bytes)
Event: 33.506 Thread 0x000001ae255fd440 nmethod 18575 0x000001ae11d66710 code [0x000001ae11d66ac0, 0x000001ae11d68338]
Event: 33.506 Thread 0x000001ae255fd440 18576       3       groovy.lang.MetaClassImpl::getStaticMethods (36 bytes)
Event: 33.506 Thread 0x000001ae255fdb10 nmethod 18574 0x000001ae1143d110 code [0x000001ae1143d300, 0x000001ae1143d8d8]
Event: 33.506 Thread 0x000001ae255fd440 nmethod 18576 0x000001ae119d5790 code [0x000001ae119d5960, 0x000001ae119d5b78]

GC Heap History (20 events):
Event: 27.978 GC heap before
{Heap before GC invocations=49 (full 0):
 garbage-first heap   total 230400K, used 209543K [0x0000000080000000, 0x0000000100000000)
  region size 1024K, 59 young (60416K), 7 survivors (7168K)
 Metaspace       used 112328K, committed 115200K, reserved 557056K
  class space    used 15907K, committed 17344K, reserved 425984K
}
Event: 27.981 GC heap after
{Heap after GC invocations=50 (full 0):
 garbage-first heap   total 230400K, used 159931K [0x0000000080000000, 0x0000000100000000)
  region size 1024K, 5 young (5120K), 5 survivors (5120K)
 Metaspace       used 112328K, committed 115200K, reserved 557056K
  class space    used 15907K, committed 17344K, reserved 425984K
}
Event: 29.051 GC heap before
{Heap before GC invocations=51 (full 0):
 garbage-first heap   total 268288K, used 214203K [0x0000000080000000, 0x0000000100000000)
  region size 1024K, 57 young (58368K), 5 survivors (5120K)
 Metaspace       used 113708K, committed 116608K, reserved 557056K
  class space    used 16103K, committed 17536K, reserved 425984K
}
Event: 29.056 GC heap after
{Heap after GC invocations=52 (full 0):
 garbage-first heap   total 268288K, used 169035K [0x0000000080000000, 0x0000000100000000)
  region size 1024K, 8 young (8192K), 8 survivors (8192K)
 Metaspace       used 113708K, committed 116608K, reserved 557056K
  class space    used 16103K, committed 17536K, reserved 425984K
}
Event: 30.725 GC heap before
{Heap before GC invocations=52 (full 0):
 garbage-first heap   total 268288K, used 239691K [0x0000000080000000, 0x0000000100000000)
  region size 1024K, 78 young (79872K), 8 survivors (8192K)
 Metaspace       used 114236K, committed 117184K, reserved 557056K
  class space    used 16167K, committed 17600K, reserved 425984K
}
Event: 30.730 GC heap after
{Heap after GC invocations=53 (full 0):
 garbage-first heap   total 268288K, used 176086K [0x0000000080000000, 0x0000000100000000)
  region size 1024K, 10 young (10240K), 10 survivors (10240K)
 Metaspace       used 114236K, committed 117184K, reserved 557056K
  class space    used 16167K, committed 17600K, reserved 425984K
}
Event: 30.906 GC heap before
{Heap before GC invocations=53 (full 0):
 garbage-first heap   total 268288K, used 210902K [0x0000000080000000, 0x0000000100000000)
  region size 1024K, 46 young (47104K), 10 survivors (10240K)
 Metaspace       used 114317K, committed 117312K, reserved 557056K
  class space    used 16179K, committed 17664K, reserved 425984K
}
Event: 30.909 GC heap after
{Heap after GC invocations=54 (full 0):
 garbage-first heap   total 268288K, used 179574K [0x0000000080000000, 0x0000000100000000)
  region size 1024K, 6 young (6144K), 6 survivors (6144K)
 Metaspace       used 114317K, committed 117312K, reserved 557056K
  class space    used 16179K, committed 17664K, reserved 425984K
}
Event: 31.612 GC heap before
{Heap before GC invocations=55 (full 0):
 garbage-first heap   total 304128K, used 244086K [0x0000000080000000, 0x0000000100000000)
  region size 1024K, 69 young (70656K), 6 survivors (6144K)
 Metaspace       used 115874K, committed 118848K, reserved 557056K
  class space    used 16340K, committed 17792K, reserved 425984K
}
Event: 31.617 GC heap after
{Heap after GC invocations=56 (full 0):
 garbage-first heap   total 304128K, used 187501K [0x0000000080000000, 0x0000000100000000)
  region size 1024K, 9 young (9216K), 9 survivors (9216K)
 Metaspace       used 115874K, committed 118848K, reserved 557056K
  class space    used 16340K, committed 17792K, reserved 425984K
}
Event: 31.989 GC heap before
{Heap before GC invocations=56 (full 0):
 garbage-first heap   total 304128K, used 270445K [0x0000000080000000, 0x0000000100000000)
  region size 1024K, 91 young (93184K), 9 survivors (9216K)
 Metaspace       used 115874K, committed 118848K, reserved 557056K
  class space    used 16340K, committed 17792K, reserved 425984K
}
Event: 31.997 GC heap after
{Heap after GC invocations=57 (full 0):
 garbage-first heap   total 304128K, used 190001K [0x0000000080000000, 0x0000000100000000)
  region size 1024K, 6 young (6144K), 6 survivors (6144K)
 Metaspace       used 115874K, committed 118848K, reserved 557056K
  class space    used 16340K, committed 17792K, reserved 425984K
}
Event: 32.220 GC heap before
{Heap before GC invocations=57 (full 0):
 garbage-first heap   total 304128K, used 238129K [0x0000000080000000, 0x0000000100000000)
  region size 1024K, 55 young (56320K), 6 survivors (6144K)
 Metaspace       used 115931K, committed 118976K, reserved 557056K
  class space    used 16349K, committed 17856K, reserved 425984K
}
Event: 32.225 GC heap after
{Heap after GC invocations=58 (full 0):
 garbage-first heap   total 304128K, used 192374K [0x0000000080000000, 0x0000000100000000)
  region size 1024K, 9 young (9216K), 9 survivors (9216K)
 Metaspace       used 115931K, committed 118976K, reserved 557056K
  class space    used 16349K, committed 17856K, reserved 425984K
}
Event: 32.686 GC heap before
{Heap before GC invocations=59 (full 0):
 garbage-first heap   total 329728K, used 280438K [0x0000000080000000, 0x0000000100000000)
  region size 1024K, 92 young (94208K), 9 survivors (9216K)
 Metaspace       used 116034K, committed 119040K, reserved 557056K
  class space    used 16359K, committed 17856K, reserved 425984K
}
Event: 32.690 GC heap after
{Heap after GC invocations=60 (full 0):
 garbage-first heap   total 329728K, used 206111K [0x0000000080000000, 0x0000000100000000)
  region size 1024K, 12 young (12288K), 12 survivors (12288K)
 Metaspace       used 116034K, committed 119040K, reserved 557056K
  class space    used 16359K, committed 17856K, reserved 425984K
}
Event: 33.005 GC heap before
{Heap before GC invocations=60 (full 0):
 garbage-first heap   total 329728K, used 293151K [0x0000000080000000, 0x0000000100000000)
  region size 1024K, 98 young (100352K), 12 survivors (12288K)
 Metaspace       used 116035K, committed 119040K, reserved 557056K
  class space    used 16359K, committed 17856K, reserved 425984K
}
Event: 33.010 GC heap after
{Heap after GC invocations=61 (full 0):
 garbage-first heap   total 329728K, used 209489K [0x0000000080000000, 0x0000000100000000)
  region size 1024K, 7 young (7168K), 7 survivors (7168K)
 Metaspace       used 116035K, committed 119040K, reserved 557056K
  class space    used 16359K, committed 17856K, reserved 425984K
}
Event: 33.190 GC heap before
{Heap before GC invocations=61 (full 0):
 garbage-first heap   total 329728K, used 218705K [0x0000000080000000, 0x0000000100000000)
  region size 1024K, 18 young (18432K), 7 survivors (7168K)
 Metaspace       used 116133K, committed 119168K, reserved 557056K
  class space    used 16373K, committed 17856K, reserved 425984K
}
Event: 33.193 GC heap after
{Heap after GC invocations=62 (full 0):
 garbage-first heap   total 329728K, used 210587K [0x0000000080000000, 0x0000000100000000)
  region size 1024K, 8 young (8192K), 8 survivors (8192K)
 Metaspace       used 116133K, committed 119168K, reserved 557056K
  class space    used 16373K, committed 17856K, reserved 425984K
}

Dll operation events (15 events):
Event: 0.007 Loaded shared library C:\Program Files\Eclipse Adoptium\jdk-21.0.9.10-hotspot\bin\java.dll
Event: 0.039 Loaded shared library C:\Program Files\Eclipse Adoptium\jdk-21.0.9.10-hotspot\bin\jsvml.dll
Event: 0.081 Loaded shared library C:\Program Files\Eclipse Adoptium\jdk-21.0.9.10-hotspot\bin\zip.dll
Event: 0.085 Loaded shared library C:\Program Files\Eclipse Adoptium\jdk-21.0.9.10-hotspot\bin\instrument.dll
Event: 0.089 Loaded shared library C:\Program Files\Eclipse Adoptium\jdk-21.0.9.10-hotspot\bin\net.dll
Event: 0.091 Loaded shared library C:\Program Files\Eclipse Adoptium\jdk-21.0.9.10-hotspot\bin\nio.dll
Event: 0.093 Loaded shared library C:\Program Files\Eclipse Adoptium\jdk-21.0.9.10-hotspot\bin\zip.dll
Event: 0.601 Loaded shared library C:\Program Files\Eclipse Adoptium\jdk-21.0.9.10-hotspot\bin\jimage.dll
Event: 1.026 Loaded shared library C:\Program Files\Eclipse Adoptium\jdk-21.0.9.10-hotspot\bin\verify.dll
Event: 1.066 Loaded shared library C:\Users\Jai\.gradle\native\660c5614fbf4a5f2a75b1949f50a0caf5cd603558e7d8a26e50b933a0cfb79d1\windows-amd64\native-platform.dll
Event: 1.078 Loaded shared library C:\Users\Jai\.gradle\native\0.2.8\x86_64-windows-gnu\gradle-fileevents.dll
Event: 2.824 Loaded shared library C:\Program Files\Eclipse Adoptium\jdk-21.0.9.10-hotspot\bin\management.dll
Event: 2.827 Loaded shared library C:\Program Files\Eclipse Adoptium\jdk-21.0.9.10-hotspot\bin\management_ext.dll
Event: 3.239 Loaded shared library C:\Program Files\Eclipse Adoptium\jdk-21.0.9.10-hotspot\bin\extnet.dll
Event: 3.609 Loaded shared library C:\Program Files\Eclipse Adoptium\jdk-21.0.9.10-hotspot\bin\sunmscapi.dll

Deoptimization events (20 events):
Event: 32.829 Thread 0x000001ae490a4ea0 Uncommon trap: trap_request=0xffffffbe fr.pc=0x000001ae18786888 relative=0x0000000000002ea8
Event: 32.829 Thread 0x000001ae490a4ea0 Uncommon trap: reason=profile_predicate action=maybe_recompile pc=0x000001ae18786888 method=com.google.common.collect.MapMakerInternalMap$Segment.expand()V @ 56 c2
Event: 32.829 Thread 0x000001ae490a4ea0 DEOPT PACKING pc=0x000001ae18786888 sp=0x00000093ffffca50
Event: 32.829 Thread 0x000001ae490a4ea0 DEOPT UNPACKING pc=0x000001ae17914422 sp=0x00000093ffffca08 mode 2
Event: 32.829 Thread 0x000001ae490a4ea0 Uncommon trap: trap_request=0xffffffbe fr.pc=0x000001ae18786888 relative=0x0000000000002ea8
Event: 32.829 Thread 0x000001ae490a4ea0 Uncommon trap: reason=profile_predicate action=maybe_recompile pc=0x000001ae18786888 method=com.google.common.collect.MapMakerInternalMap$Segment.expand()V @ 56 c2
Event: 32.829 Thread 0x000001ae490a4ea0 DEOPT PACKING pc=0x000001ae18786888 sp=0x00000093ffffca50
Event: 32.829 Thread 0x000001ae490a4ea0 DEOPT UNPACKING pc=0x000001ae17914422 sp=0x00000093ffffca08 mode 2
Event: 32.829 Thread 0x000001ae490a4ea0 Uncommon trap: trap_request=0xffffffbe fr.pc=0x000001ae18786888 relative=0x0000000000002ea8
Event: 32.829 Thread 0x000001ae490a4ea0 Uncommon trap: reason=profile_predicate action=maybe_recompile pc=0x000001ae18786888 method=com.google.common.collect.MapMakerInternalMap$Segment.expand()V @ 56 c2
Event: 32.829 Thread 0x000001ae490a4ea0 DEOPT PACKING pc=0x000001ae18786888 sp=0x00000093ffffca50
Event: 32.829 Thread 0x000001ae490a4ea0 DEOPT UNPACKING pc=0x000001ae17914422 sp=0x00000093ffffca08 mode 2
Event: 32.829 Thread 0x000001ae490a4ea0 Uncommon trap: trap_request=0xffffffbe fr.pc=0x000001ae18786888 relative=0x0000000000002ea8
Event: 32.829 Thread 0x000001ae490a4ea0 Uncommon trap: reason=profile_predicate action=maybe_recompile pc=0x000001ae18786888 method=com.google.common.collect.MapMakerInternalMap$Segment.expand()V @ 56 c2
Event: 32.829 Thread 0x000001ae490a4ea0 DEOPT PACKING pc=0x000001ae18786888 sp=0x00000093ffffca50
Event: 32.829 Thread 0x000001ae490a4ea0 DEOPT UNPACKING pc=0x000001ae17914422 sp=0x00000093ffffca08 mode 2
Event: 33.387 Thread 0x000001ae46974ad0 Uncommon trap: trap_request=0xffffff45 fr.pc=0x000001ae187ed278 relative=0x0000000000000298
Event: 33.387 Thread 0x000001ae46974ad0 Uncommon trap: reason=unstable_if action=reinterpret pc=0x000001ae187ed278 method=java.lang.String.encodeUTF8(B[BZ)[B @ 2 c2
Event: 33.387 Thread 0x000001ae46974ad0 DEOPT PACKING pc=0x000001ae187ed278 sp=0x00000093f91f9a50
Event: 33.387 Thread 0x000001ae46974ad0 DEOPT UNPACKING pc=0x000001ae17914422 sp=0x00000093f91f9950 mode 2

Classes loaded (20 events):
Event: 31.271 Loading class com/sun/org/apache/xerces/internal/dom/DeferredAttrImpl
Event: 31.271 Loading class com/sun/org/apache/xerces/internal/dom/AttrImpl
Event: 31.271 Loading class com/sun/org/apache/xerces/internal/dom/AttrImpl done
Event: 31.271 Loading class com/sun/org/apache/xerces/internal/dom/DeferredAttrImpl done
Event: 33.501 Loading class java/util/TreeSetBeanInfo
Event: 33.501 Loading class java/util/TreeSetBeanInfo done
Event: 33.502 Loading class java/util/TreeSetBeanInfo
Event: 33.502 Loading class java/util/TreeSetBeanInfo done
Event: 33.502 Loading class java/util/AbstractSetBeanInfo
Event: 33.502 Loading class java/util/AbstractSetBeanInfo done
Event: 33.502 Loading class java/util/AbstractSetBeanInfo
Event: 33.502 Loading class java/util/AbstractSetBeanInfo done
Event: 33.502 Loading class java/util/AbstractSetCustomizer
Event: 33.502 Loading class java/util/AbstractSetCustomizer done
Event: 33.503 Loading class java/util/AbstractSetCustomizer
Event: 33.503 Loading class java/util/AbstractSetCustomizer done
Event: 33.504 Loading class java/util/TreeSetCustomizer
Event: 33.504 Loading class java/util/TreeSetCustomizer done
Event: 33.504 Loading class java/util/TreeSetCustomizer
Event: 33.504 Loading class java/util/TreeSetCustomizer done

Classes unloaded (0 events):
No events

Classes redefined (0 events):
No events

Internal exceptions (20 events):
Event: 32.275 Thread 0x000001ae46974ad0 Exception <a 'java/lang/ClassNotFoundException'{0x00000000916720a0}: com/android/build/gradle/internal/dsl/VectorDrawablesOptions_DecoratedBeanInfo> (0x00000000916720a0) 
thrown [s\src\hotspot\share\classfile\systemDictionary.cpp, line 312]
Event: 32.275 Thread 0x000001ae46974ad0 Exception <a 'java/lang/ClassNotFoundException'{0x0000000091683560}: com/android/build/gradle/internal/dsl/VectorDrawablesOptionsBeanInfo> (0x0000000091683560) 
thrown [s\src\hotspot\share\classfile\systemDictionary.cpp, line 312]
Event: 32.276 Thread 0x000001ae46974ad0 Exception <a 'java/lang/ClassNotFoundException'{0x0000000091694870}: com/android/builder/core/DefaultVectorDrawablesOptionsBeanInfo> (0x0000000091694870) 
thrown [s\src\hotspot\share\classfile\systemDictionary.cpp, line 312]
Event: 32.276 Thread 0x000001ae46974ad0 Exception <a 'java/lang/ClassNotFoundException'{0x00000000916a5c78}: com/android/builder/core/DefaultVectorDrawablesOptionsCustomizer> (0x00000000916a5c78) 
thrown [s\src\hotspot\share\classfile\systemDictionary.cpp, line 312]
Event: 32.277 Thread 0x000001ae46974ad0 Exception <a 'java/lang/ClassNotFoundException'{0x00000000916bd8d0}: com/android/build/gradle/internal/dsl/VectorDrawablesOptionsCustomizer> (0x00000000916bd8d0) 
thrown [s\src\hotspot\share\classfile\systemDictionary.cpp, line 312]
Event: 32.278 Thread 0x000001ae46974ad0 Exception <a 'java/lang/ClassNotFoundException'{0x00000000916d33c8}: com/android/build/gradle/internal/dsl/VectorDrawablesOptions_DecoratedCustomizer> (0x00000000916d33c8) 
thrown [s\src\hotspot\share\classfile\systemDictionary.cpp, line 312]
Event: 32.361 Thread 0x000001ae46974ad0 Exception <a 'java/lang/ClassNotFoundException'{0x00000000931a6c70}: build_1q764tts7nd6aeb4y8e028yy6BeanInfo> (0x00000000931a6c70) 
thrown [s\src\hotspot\share\classfile\systemDictionary.cpp, line 312]
Event: 32.361 Thread 0x000001ae46974ad0 Exception <a 'java/lang/ClassNotFoundException'{0x00000000931add50}: build_1q764tts7nd6aeb4y8e028yy6Customizer> (0x00000000931add50) 
thrown [s\src\hotspot\share\classfile\systemDictionary.cpp, line 312]
Event: 33.094 Thread 0x000001ae46974ad0 Exception <a 'java/lang/ClassNotFoundException'{0x00000000930df840}: build_1q764tts7nd6aeb4y8e028yy6BeanInfo> (0x00000000930df840) 
thrown [s\src\hotspot\share\classfile\systemDictionary.cpp, line 312]
Event: 33.094 Thread 0x000001ae46974ad0 Exception <a 'java/lang/ClassNotFoundException'{0x00000000930e68b0}: build_1q764tts7nd6aeb4y8e028yy6Customizer> (0x00000000930e68b0) 
thrown [s\src\hotspot\share\classfile\systemDictionary.cpp, line 312]
Event: 33.235 Thread 0x000001ae46974ad0 Exception <a 'java/lang/ClassNotFoundException'{0x000000009303c068}: build_1q764tts7nd6aeb4y8e028yy6$_run_closure1BeanInfo> (0x000000009303c068) 
thrown [s\src\hotspot\share\classfile\systemDictionary.cpp, line 312]
Event: 33.236 Thread 0x000001ae46974ad0 Exception <a 'java/lang/ClassNotFoundException'{0x0000000093049d90}: build_1q764tts7nd6aeb4y8e028yy6$_run_closure1Customizer> (0x0000000093049d90) 
thrown [s\src\hotspot\share\classfile\systemDictionary.cpp, line 312]
Event: 33.402 Thread 0x000001ae46974ad0 Exception <a 'java/lang/ClassNotFoundException'{0x00000000949bf608}: build_a70kvspoxlou6couemnnn7tpuBeanInfo> (0x00000000949bf608) 
thrown [s\src\hotspot\share\classfile\systemDictionary.cpp, line 312]
Event: 33.403 Thread 0x000001ae46974ad0 Exception <a 'java/lang/ClassNotFoundException'{0x00000000949c66e8}: build_a70kvspoxlou6couemnnn7tpuCustomizer> (0x00000000949c66e8) 
thrown [s\src\hotspot\share\classfile\systemDictionary.cpp, line 312]
Event: 33.441 Thread 0x000001ae46974ad0 Exception <a 'java/lang/ClassNotFoundException'{0x0000000094788a30}: build_a70kvspoxlou6couemnnn7tpuBeanInfo> (0x0000000094788a30) 
thrown [s\src\hotspot\share\classfile\systemDictionary.cpp, line 312]
Event: 33.441 Thread 0x000001ae46974ad0 Exception <a 'java/lang/ClassNotFoundException'{0x000000009478faa0}: build_a70kvspoxlou6couemnnn7tpuCustomizer> (0x000000009478faa0) 
thrown [s\src\hotspot\share\classfile\systemDictionary.cpp, line 312]
Event: 33.502 Thread 0x000001ae46974ad0 Exception <a 'java/lang/ClassNotFoundException'{0x000000009430efc8}: java/util/TreeSetBeanInfo> (0x000000009430efc8) 
thrown [s\src\hotspot\share\classfile\systemDictionary.cpp, line 312]
Event: 33.502 Thread 0x000001ae46974ad0 Exception <a 'java/lang/ClassNotFoundException'{0x0000000094316dd0}: java/util/AbstractSetBeanInfo> (0x0000000094316dd0) 
thrown [s\src\hotspot\share\classfile\systemDictionary.cpp, line 312]
Event: 33.503 Thread 0x000001ae46974ad0 Exception <a 'java/lang/ClassNotFoundException'{0x000000009431ec48}: java/util/AbstractSetCustomizer> (0x000000009431ec48) 
thrown [s\src\hotspot\share\classfile\systemDictionary.cpp, line 312]
Event: 33.504 Thread 0x000001ae46974ad0 Exception <a 'java/lang/ClassNotFoundException'{0x000000009434cd68}: java/util/TreeSetCustomizer> (0x000000009434cd68) 
thrown [s\src\hotspot\share\classfile\systemDictionary.cpp, line 312]

ZGC Phase Switch (0 events):
No events

VM Operations (20 events):
Event: 31.612 Executing VM operation: G1CollectForAllocation (G1 Evacuation Pause)
Event: 31.617 Executing VM operation: G1CollectForAllocation (G1 Evacuation Pause) done
Event: 31.988 Executing VM operation: G1CollectForAllocation (G1 Evacuation Pause)
Event: 31.997 Executing VM operation: G1CollectForAllocation (G1 Evacuation Pause) done
Event: 32.219 Executing VM operation: G1TryInitiateConcMark (G1 Humongous Allocation)
Event: 32.225 Executing VM operation: G1TryInitiateConcMark (G1 Humongous Allocation) done
Event: 32.311 Executing VM operation: G1PauseRemark
Event: 32.318 Executing VM operation: G1PauseRemark done
Event: 32.363 Executing VM operation: G1PauseCleanup
Event: 32.364 Executing VM operation: G1PauseCleanup done
Event: 32.686 Executing VM operation: G1CollectForAllocation (G1 Evacuation Pause)
Event: 32.690 Executing VM operation: G1CollectForAllocation (G1 Evacuation Pause) done
Event: 32.998 Executing VM operation: G1CollectForAllocation (G1 Evacuation Pause)
Event: 33.011 Executing VM operation: G1CollectForAllocation (G1 Evacuation Pause) done
Event: 33.190 Executing VM operation: G1TryInitiateConcMark (G1 Humongous Allocation)
Event: 33.193 Executing VM operation: G1TryInitiateConcMark (G1 Humongous Allocation) done
Event: 33.286 Executing VM operation: G1PauseRemark
Event: 33.291 Executing VM operation: G1PauseRemark done
Event: 33.340 Executing VM operation: G1PauseCleanup
Event: 33.340 Executing VM operation: G1PauseCleanup done

Memory protections (0 events):
No events

Nmethod flushes (20 events):
Event: 33.290 Thread 0x000001ae24c30590 flushing  nmethod 0x000001ae110d3190
Event: 33.290 Thread 0x000001ae24c30590 flushing  nmethod 0x000001ae110d8090
Event: 33.290 Thread 0x000001ae24c30590 flushing  nmethod 0x000001ae11193790
Event: 33.290 Thread 0x000001ae24c30590 flushing  nmethod 0x000001ae11697390
Event: 33.290 Thread 0x000001ae24c30590 flushing  nmethod 0x000001ae116e0310
Event: 33.290 Thread 0x000001ae24c30590 flushing  nmethod 0x000001ae11db9e10
Event: 33.290 Thread 0x000001ae24c30590 flushing  nmethod 0x000001ae11e4c210
Event: 33.290 Thread 0x000001ae24c30590 flushing  nmethod 0x000001ae11fdf610
Event: 33.290 Thread 0x000001ae24c30590 flushing  nmethod 0x000001ae1050e110
Event: 33.290 Thread 0x000001ae24c30590 flushing  nmethod 0x000001ae105ccc90
Event: 33.290 Thread 0x000001ae24c30590 flushing  nmethod 0x000001ae10618290
Event: 33.290 Thread 0x000001ae24c30590 flushing  nmethod 0x000001ae10898b90
Event: 33.290 Thread 0x000001ae24c30590 flushing  nmethod 0x000001ae10899190
Event: 33.290 Thread 0x000001ae24c30590 flushing  nmethod 0x000001ae10899590
Event: 33.290 Thread 0x000001ae24c30590 flushing  nmethod 0x000001ae108cd810
Event: 33.290 Thread 0x000001ae24c30590 flushing  nmethod 0x000001ae110c1410
Event: 33.290 Thread 0x000001ae24c30590 flushing  nmethod 0x000001ae110c4710
Event: 33.290 Thread 0x000001ae24c30590 flushing  nmethod 0x000001ae110c5610
Event: 33.290 Thread 0x000001ae24c30590 flushing  nmethod 0x000001ae11137210
Event: 33.290 Thread 0x000001ae24c30590 flushing  nmethod 0x000001ae11387890

Events (20 events):
Event: 20.472 Thread 0x000001ae255fdb10 Thread added: 0x000001ae4969a560
Event: 21.764 Thread 0x000001ae46974ad0 Thread added: 0x000001ae4603bd50
Event: 22.154 Thread 0x000001ae4969a560 Thread exited: 0x000001ae4969a560
Event: 22.154 Thread 0x000001ae49694600 Thread exited: 0x000001ae49694600
Event: 25.489 Thread 0x000001ae46974ad0 Thread added: 0x000001ae4603f860
Event: 26.402 Thread 0x000001ae46974ad0 Thread added: 0x000001ae4603e4b0
Event: 27.441 Thread 0x000001ae46974ad0 Thread added: 0x000001ae47b68550
Event: 27.466 Thread 0x000001ae46974ad0 Thread added: 0x000001ae47b69900
Event: 27.475 Thread 0x000001ae46974ad0 Thread added: 0x000001ae47b69f90
Event: 28.056 Thread 0x000001ae46974ad0 Thread added: 0x000001ae47b6ee50
Event: 28.487 Thread 0x000001ae46974ad0 Thread added: 0x000001ae4b348d30
Event: 28.519 Thread 0x000001ae46974ad0 Thread added: 0x000001ae4b34a0e0
Event: 28.764 Thread 0x000001ae46974ad0 Thread added: 0x000001ae4b3493c0
Event: 28.824 Thread 0x000001ae46974ad0 Thread added: 0x000001ae4b34a770
Event: 30.055 Thread 0x000001ae255fe1e0 Thread exited: 0x000001ae255fe1e0
Event: 30.055 Thread 0x000001ae255fcd70 Thread exited: 0x000001ae255fcd70
Event: 30.120 Thread 0x000001ae46974ad0 Thread added: 0x000001ae4b34ae00
Event: 30.156 Thread 0x000001ae4b34ae00 Thread added: 0x000001ae4b349a50
Event: 30.156 Thread 0x000001ae4b34ae00 Thread added: 0x000001ae4b34b490
Event: 33.037 Thread 0x000001ae255d6120 Thread added: 0x000001ae4898ceb0


Dynamic libraries:
0x00007ff7fc060000 - 0x00007ff7fc06e000 	C:\Program Files\Eclipse Adoptium\jdk-21.0.9.10-hotspot\bin\java.exe
0x00007ffca3e00000 - 0x00007ffca4066000 	C:\WINDOWS\SYSTEM32\ntdll.dll
0x00007ffca2860000 - 0x00007ffca2929000 	C:\WINDOWS\System32\KERNEL32.DLL
0x00007ffca10e0000 - 0x00007ffca14de000 	C:\WINDOWS\System32\KERNELBASE.dll
0x00007ffca1650000 - 0x00007ffca179c000 	C:\WINDOWS\System32\ucrtbase.dll
0x00007ffc743a0000 - 0x00007ffc743be000 	C:\Program Files\Eclipse Adoptium\jdk-21.0.9.10-hotspot\bin\VCRUNTIME140.dll
0x00007ffc70570000 - 0x00007ffc70588000 	C:\Program Files\Eclipse Adoptium\jdk-21.0.9.10-hotspot\bin\jli.dll
0x00007ffca3980000 - 0x00007ffca3b47000 	C:\WINDOWS\System32\USER32.dll
0x00007ffca1620000 - 0x00007ffca1647000 	C:\WINDOWS\System32\win32u.dll
0x00007ffc851a0000 - 0x00007ffc85432000 	C:\WINDOWS\WinSxS\amd64_microsoft.windows.common-controls_6595b64144ccf1df_6.0.26100.8875_none_3e0d5d42e32fe9dd\COMCTL32.dll
0x00007ffca1b30000 - 0x00007ffca1b5b000 	C:\WINDOWS\System32\GDI32.dll
0x00007ffca14f0000 - 0x00007ffca161a000 	C:\WINDOWS\System32\gdi32full.dll
0x00007ffca1b80000 - 0x00007ffca1c29000 	C:\WINDOWS\System32\msvcrt.dll
0x00007ffca1900000 - 0x00007ffca19a3000 	C:\WINDOWS\System32\msvcp_win.dll
0x00007ffca2560000 - 0x00007ffca2592000 	C:\WINDOWS\System32\IMM32.DLL
0x00007ffc8b4b0000 - 0x00007ffc8b4bc000 	C:\Program Files\Eclipse Adoptium\jdk-21.0.9.10-hotspot\bin\vcruntime140_1.dll
0x00007ffc35e60000 - 0x00007ffc35eed000 	C:\Program Files\Eclipse Adoptium\jdk-21.0.9.10-hotspot\bin\msvcp140.dll
0x00007ffbdc520000 - 0x00007ffbdd2c0000 	C:\Program Files\Eclipse Adoptium\jdk-21.0.9.10-hotspot\bin\server\jvm.dll
0x00007ffca3060000 - 0x00007ffca3117000 	C:\WINDOWS\System32\ADVAPI32.dll
0x00007ffca3c70000 - 0x00007ffca3d1a000 	C:\WINDOWS\System32\sechost.dll
0x00007ffca2740000 - 0x00007ffca2858000 	C:\WINDOWS\System32\RPCRT4.dll
0x00007ffca3620000 - 0x00007ffca36a0000 	C:\WINDOWS\System32\WS2_32.dll
0x00007ffca08e0000 - 0x00007ffca093e000 	C:\WINDOWS\SYSTEM32\POWRPROF.dll
0x00007ffc94e50000 - 0x00007ffc94e5b000 	C:\WINDOWS\SYSTEM32\VERSION.dll
0x00007ffc99b70000 - 0x00007ffc99ba6000 	C:\WINDOWS\SYSTEM32\WINMM.dll
0x00007ffca0880000 - 0x00007ffca0894000 	C:\WINDOWS\SYSTEM32\UMPDC.dll
0x00007ffc9fc70000 - 0x00007ffc9fc8b000 	C:\WINDOWS\SYSTEM32\kernel.appcore.dll
0x00007ffc7c750000 - 0x00007ffc7c75a000 	C:\Program Files\Eclipse Adoptium\jdk-21.0.9.10-hotspot\bin\jimage.dll
0x00007ffc9e200000 - 0x00007ffc9e442000 	C:\WINDOWS\SYSTEM32\DBGHELP.DLL
0x00007ffca3120000 - 0x00007ffca34a3000 	C:\WINDOWS\System32\combase.dll
0x00007ffca2f80000 - 0x00007ffca3059000 	C:\WINDOWS\System32\OLEAUT32.dll
0x00007ffc76df0000 - 0x00007ffc76e2b000 	C:\WINDOWS\SYSTEM32\dbgcore.DLL
0x00007ffca1840000 - 0x00007ffca18ec000 	C:\WINDOWS\System32\bcryptPrimitives.dll
0x00007ffc76d00000 - 0x00007ffc76d0f000 	C:\Program Files\Eclipse Adoptium\jdk-21.0.9.10-hotspot\bin\instrument.dll
0x00007ffc5c6b0000 - 0x00007ffc5c6d0000 	C:\Program Files\Eclipse Adoptium\jdk-21.0.9.10-hotspot\bin\java.dll
0x00007ffca1c30000 - 0x00007ffca23c2000 	C:\WINDOWS\System32\SHELL32.dll
0x00007ffc9eaa0000 - 0x00007ffc9f332000 	C:\WINDOWS\SYSTEM32\windows.storage.dll
0x00007ffca2e30000 - 0x00007ffca2f27000 	C:\WINDOWS\System32\SHCORE.dll
0x00007ffca2930000 - 0x00007ffca2997000 	C:\WINDOWS\System32\shlwapi.dll
0x00007ffca0f40000 - 0x00007ffca0f69000 	C:\WINDOWS\SYSTEM32\profapi.dll
0x00007ffc0b1c0000 - 0x00007ffc0b297000 	C:\Program Files\Eclipse Adoptium\jdk-21.0.9.10-hotspot\bin\jsvml.dll
0x00007ffc580e0000 - 0x00007ffc580f8000 	C:\Program Files\Eclipse Adoptium\jdk-21.0.9.10-hotspot\bin\zip.dll
0x00007ffc7c1c0000 - 0x00007ffc7c1d0000 	C:\Program Files\Eclipse Adoptium\jdk-21.0.9.10-hotspot\bin\net.dll
0x00007ffc98a80000 - 0x00007ffc98ba7000 	C:\WINDOWS\SYSTEM32\WINHTTP.dll
0x00007ffca02b0000 - 0x00007ffca031c000 	C:\WINDOWS\system32\mswsock.dll
0x00007ffc5bb70000 - 0x00007ffc5bb86000 	C:\Program Files\Eclipse Adoptium\jdk-21.0.9.10-hotspot\bin\nio.dll
0x00007ffc7a1a0000 - 0x00007ffc7a1b0000 	C:\Program Files\Eclipse Adoptium\jdk-21.0.9.10-hotspot\bin\verify.dll
0x00007ffc550f0000 - 0x00007ffc55117000 	C:\Users\Jai\.gradle\native\660c5614fbf4a5f2a75b1949f50a0caf5cd603558e7d8a26e50b933a0cfb79d1\windows-amd64\native-platform.dll
0x00007ffc21000000 - 0x00007ffc21077000 	C:\Users\Jai\.gradle\native\0.2.8\x86_64-windows-gnu\gradle-fileevents.dll
0x00007ffc7be30000 - 0x00007ffc7be3a000 	C:\Program Files\Eclipse Adoptium\jdk-21.0.9.10-hotspot\bin\management.dll
0x00007ffc7b010000 - 0x00007ffc7b01c000 	C:\Program Files\Eclipse Adoptium\jdk-21.0.9.10-hotspot\bin\management_ext.dll
0x00007ffca2540000 - 0x00007ffca2548000 	C:\WINDOWS\System32\PSAPI.DLL
0x00007ffc9f680000 - 0x00007ffc9f6b3000 	C:\WINDOWS\SYSTEM32\IPHLPAPI.DLL
0x00007ffca2550000 - 0x00007ffca255a000 	C:\WINDOWS\System32\NSI.dll
0x00007ffc7a2a0000 - 0x00007ffc7a2a9000 	C:\Program Files\Eclipse Adoptium\jdk-21.0.9.10-hotspot\bin\extnet.dll
0x00007ffca05d0000 - 0x00007ffca05eb000 	C:\WINDOWS\SYSTEM32\CRYPTSP.dll
0x00007ffc9fc30000 - 0x00007ffc9fc69000 	C:\WINDOWS\system32\rsaenh.dll
0x00007ffca0370000 - 0x00007ffca03a2000 	C:\WINDOWS\SYSTEM32\USERENV.dll
0x00007ffca0f10000 - 0x00007ffca0f3a000 	C:\WINDOWS\SYSTEM32\bcrypt.dll
0x00007ffca05b0000 - 0x00007ffca05bc000 	C:\WINDOWS\SYSTEM32\CRYPTBASE.dll
0x00007ffc75c90000 - 0x00007ffc75c9e000 	C:\Program Files\Eclipse Adoptium\jdk-21.0.9.10-hotspot\bin\sunmscapi.dll
0x00007ffca19b0000 - 0x00007ffca1b28000 	C:\WINDOWS\System32\CRYPT32.dll
0x00007ffca08a0000 - 0x00007ffca08d0000 	C:\WINDOWS\SYSTEM32\ncrypt.dll
0x00007ffca0830000 - 0x00007ffca086f000 	C:\WINDOWS\SYSTEM32\NTASN1.dll
0x00007ffc66400000 - 0x00007ffc66408000 	C:\WINDOWS\system32\wshunix.dll

JVMTI agents:
C:\Users\Jai\.gradle\wrapper\dists\gradle-9.3.1-bin\23ovyewtku6u96viwx3xl3oks\gradle-9.3.1\lib\agents\gradle-instrumentation-agent-9.3.1.jar path:C:\Program Files\Eclipse Adoptium\jdk-21.0.9.10-hotspot\bin\instrument.dll, loaded, initialized, instrumentlib options:none

dbghelp: loaded successfully - version: 4.0.5 - missing functions: none
symbol engine: initialized successfully - sym options: 0x614 - pdb path: .;C:\Program Files\Eclipse Adoptium\jdk-21.0.9.10-hotspot\bin;C:\WINDOWS\SYSTEM32;C:\WINDOWS\WinSxS\amd64_microsoft.windows.common-controls_6595b64144ccf1df_6.0.26100.8875_none_3e0d5d42e32fe9dd;C:\Program Files\Eclipse Adoptium\jdk-21.0.9.10-hotspot\bin\server;C:\Users\Jai\.gradle\native\660c5614fbf4a5f2a75b1949f50a0caf5cd603558e7d8a26e50b933a0cfb79d1\windows-amd64;C:\Users\Jai\.gradle\native\0.2.8\x86_64-windows-gnu

VM Arguments:
jvm_args: --add-opens=java.base/java.lang=ALL-UNNAMED --add-opens=java.base/java.lang.invoke=ALL-UNNAMED --add-opens=java.base/java.util=ALL-UNNAMED --add-opens=java.prefs/java.util.prefs=ALL-UNNAMED --add-exports=jdk.compiler/com.sun.tools.javac.api=ALL-UNNAMED --add-exports=jdk.compiler/com.sun.tools.javac.util=ALL-UNNAMED --add-opens=java.base/java.util=ALL-UNNAMED --add-opens=java.prefs/java.util.prefs=ALL-UNNAMED --add-opens=java.base/java.nio.charset=ALL-UNNAMED --add-opens=java.base/java.net=ALL-UNNAMED --add-opens=java.base/java.util.concurrent=ALL-UNNAMED --add-opens=java.base/java.util.concurrent.atomic=ALL-UNNAMED --add-opens=java.xml/javax.xml.namespace=ALL-UNNAMED --add-opens=java.base/java.time=ALL-UNNAMED -XX:MaxMetaspaceSize=512m -Xmx2048m -Dfile.encoding=UTF-8 -Duser.country=IN -Duser.language=en -Duser.variant -javaagent:C:\Users\Jai\.gradle\wrapper\dists\gradle-9.3.1-bin\23ovyewtku6u96viwx3xl3oks\gradle-9.3.1\lib\agents\gradle-instrumentation-agent-9.3.1.jar 
java_command: org.gradle.launcher.daemon.bootstrap.GradleDaemon 9.3.1
java_class_path (initial): C:\Users\Jai\.gradle\wrapper\dists\gradle-9.3.1-bin\23ovyewtku6u96viwx3xl3oks\gradle-9.3.1\lib\gradle-daemon-main-9.3.1.jar
Launcher Type: SUN_STANDARD

[Global flags]
     intx CICompilerCount                          = 12                                        {product} {ergonomic}
   size_t CompressedClassSpaceSize                 = 436207616                                 {product} {ergonomic}
     uint ConcGCThreads                            = 3                                         {product} {ergonomic}
     uint G1ConcRefinementThreads                  = 13                                        {product} {ergonomic}
   size_t G1HeapRegionSize                         = 1048576                                   {product} {ergonomic}
    uintx GCDrainStackTargetSize                   = 64                                        {product} {ergonomic}
   size_t InitialHeapSize                          = 398458880                                 {product} {ergonomic}
   size_t MarkStackSize                            = 4194304                                   {product} {ergonomic}
   size_t MaxHeapSize                              = 2147483648                                {product} {command line}
   size_t MaxMetaspaceSize                         = 536870912                                 {product} {command line}
   size_t MaxNewSize                               = 1287651328                                {product} {ergonomic}
   size_t MinHeapDeltaBytes                        = 1048576                                   {product} {ergonomic}
   size_t MinHeapSize                              = 8388608                                   {product} {ergonomic}
    uintx NonNMethodCodeHeapSize                   = 7602480                                {pd product} {ergonomic}
    uintx NonProfiledCodeHeapSize                  = 122027880                              {pd product} {ergonomic}
    uintx ProfiledCodeHeapSize                     = 122027880                              {pd product} {ergonomic}
    uintx ReservedCodeCacheSize                    = 251658240                              {pd product} {ergonomic}
     bool SegmentedCodeCache                       = true                                      {product} {ergonomic}
   size_t SoftMaxHeapSize                          = 2147483648                             {manageable} {ergonomic}
     bool UseCompressedOops                        = true                           {product lp64_product} {ergonomic}
     bool UseG1GC                                  = true                                      {product} {ergonomic}
     bool UseLargePagesIndividualAllocation        = false                                  {pd product} {ergonomic}

Logging:
Log output configuration:
 #0: stdout all=warning uptime,level,tags foldmultilines=false
 #1: stderr all=off uptime,level,tags foldmultilines=false

Release file:
IMPLEMENTOR="Eclipse Adoptium" 
IMPLEMENTOR_VERSION="Temurin-21.0.9+10" 
JAVA_RUNTIME_VERSION="21.0.9+10-LTS" 
JAVA_VERSION="21.0.9" 
JAVA_VERSION_DATE="2025-10-21" 
LIBC="default" 
MODULES="java.base java.compiler java.datatransfer java.xml java.prefs java.desktop java.instrument java.logging java.management java.security.sasl java.naming java.rmi java.management.rmi java.net.http java.scripting java.security.jgss java.transaction.xa java.sql java.sql.rowset java.xml.crypto java.se java.smartcardio jdk.accessibility jdk.internal.jvmstat jdk.attach jdk.charsets jdk.internal.opt jdk.zipfs jdk.compiler jdk.crypto.ec jdk.crypto.cryptoki jdk.crypto.mscapi jdk.dynalink jdk.internal.ed jdk.editpad jdk.hotspot.agent jdk.httpserver jdk.incubator.vector jdk.internal.le jdk.internal.vm.ci jdk.internal.vm.compiler jdk.internal.vm.compiler.management jdk.jartool jdk.javadoc jdk.jcmd jdk.management jdk.management.agent jdk.jconsole jdk.jdeps jdk.jdwp.agent jdk.jdi jdk.jfr jdk.jlink jdk.jpackage jdk.jshell jdk.jsobject jdk.jstatd jdk.localedata jdk.management.jfr jdk.naming.dns jdk.naming.rmi jdk.net jdk.nio.mapmode jdk.random jdk.sctp jdk.security.auth jdk.security.jgss jdk.unsupported jdk.unsupported.desktop jdk.xml.dom" 
OS_ARCH="x86_64" 
OS_NAME="Windows" 
SOURCE=".:git:759062135b07" 
BUILD_SOURCE="git:839fa0b45d809157cffd3dc8515aad262a4a1776"
BUILD_SOURCE_REPO="https://github.com/adoptium/temurin-build.git"
SOURCE_REPO="https://github.com/adoptium/jdk21u.git"
FULL_VERSION="21.0.9+10-LTS"
SEMANTIC_VERSION="21.0.9+10"
BUILD_INFO="OS: Windows Server 2022 Version: 10.0"
JVM_VARIANT="Hotspot"
JVM_VERSION="21.0.9+10-LTS"
IMAGE_TYPE="JDK"

Environment Variables:
PATH=C:\Users\Jai\Desktop\AI-Powered-Battery-Fitness-Assessment\source\node_modules\.bin;C:\Users\Jai\Desktop\AI-Powered-Battery-Fitness-Assessment\source\node_modules\.bin;C:\Users\Jai\Desktop\AI-Powered-Battery-Fitness-Assessment\node_modules\.bin;C:\Users\Jai\Desktop\node_modules\.bin;C:\Users\Jai\node_modules\.bin;C:\Users\node_modules\.bin;C:\node_modules\.bin;C:\Program Files\nodejs\node_modules\npm\node_modules\@npmcli\run-script\lib\node-gyp-bin;C:\Program Files\Eclipse Adoptium\jdk-21.0.9.10-hotspot\bin;C:\WINDOWS\system32;C:\WINDOWS;C:\WINDOWS\System32\Wbem;C:\WINDOWS\System32\WindowsPowerShell\v1.0\;C:\WINDOWS\System32\OpenSSH\;C:\Program Files (x86)\NVIDIA Corporation\PhysX\Common;C:\Program Files\NVIDIA Corporation\NVIDIA App\NvDLISR;C:\Program Files\nodejs\;C:\Program Files\Git\cmd;C:\Program Files\PuTTY\;C:\Program Files\Docker\Docker\resources\bin;C:\Program Files\GitHub CLI\;C:\Users\Jai\.local\bin;C:\Users\Jai\AppData\Local\Programs\Python\Python311\Scripts\;C:\Users\Jai\AppData\Local\Programs\Python\Python311\;C:\Users\Jai\AppData\Local\Microsoft\WindowsApps;C:\Users\Jai\AppData\Roaming\npm;C:\Users\Jai\AppData\Local\Programs\Microsoft VS Code\bin;C:\Users\Jai\AppData\Local\Programs\Antigravity IDE\bin;C:\Users\Jai\AppData\Local\Programs\Ollama;C:\Users\Jai\AppData\Local\Muse Hub\lib;C:\Users\Jai\AppData\Local\Android\Sdk\platform-tools;C:\Users\Jai\AppData\Local\Android\Sdk\emulator;C:\Users\Jai\AppData\Local\Android\Sdk\cmdline-tools\latest\bin;
USERNAME=Jai
LANG=en_US.UTF-8
OS=Windows_NT
PROCESSOR_IDENTIFIER=Intel64 Family 6 Model 183 Stepping 1, GenuineIntel
TMP=C:\Users\Jai\AppData\Local\Temp
TEMP=C:\Users\Jai\AppData\Local\Temp




Periodic native trim disabled

---------------  S Y S T E M  ---------------

OS:
 Windows 11 , 64 bit Build 26100 (10.0.26100.8875)
OS uptime: 14 days 0:30 hours
Hyper-V role detected

CPU: total 16 (initial active 16) (8 cores per cpu, 2 threads per core) family 6 model 183 stepping 1 microcode 0x12e, cx8, cmov, fxsr, ht, mmx, 3dnowpref, sse, sse2, sse3, ssse3, sse4.1, sse4.2, popcnt, lzcnt, tsc, tscinvbit, avx, avx2, aes, erms, clmul, bmi1, bmi2, adx, sha, fma, vzeroupper, clflush, clflushopt, clwb, hv, serialize, rdtscp, rdpid, fsrm, f16c, cet_ibt, cet_ss
Processor Information for processor 0
  Max Mhz: 2400, Current Mhz: 2400, Mhz Limit: 2400
Processor Information for processor 1
  Max Mhz: 2400, Current Mhz: 2400, Mhz Limit: 2400
Processor Information for processor 2
  Max Mhz: 2400, Current Mhz: 2400, Mhz Limit: 2400
Processor Information for processor 3
  Max Mhz: 2400, Current Mhz: 2400, Mhz Limit: 2400
Processor Information for processor 4
  Max Mhz: 2400, Current Mhz: 2400, Mhz Limit: 2400
Processor Information for processor 5
  Max Mhz: 2400, Current Mhz: 2400, Mhz Limit: 2400
Processor Information for processor 6
  Max Mhz: 2400, Current Mhz: 2400, Mhz Limit: 2400
Processor Information for processor 7
  Max Mhz: 2400, Current Mhz: 2400, Mhz Limit: 2400
Processor Information for processor 8
  Max Mhz: 2400, Current Mhz: 1520, Mhz Limit: 2400
Processor Information for processor 9
  Max Mhz: 2400, Current Mhz: 2400, Mhz Limit: 2400
Processor Information for processor 10
  Max Mhz: 2400, Current Mhz: 2400, Mhz Limit: 2400
Processor Information for processor 11
  Max Mhz: 2400, Current Mhz: 2400, Mhz Limit: 2400
Processor Information for processor 12
  Max Mhz: 2400, Current Mhz: 2400, Mhz Limit: 2400
Processor Information for processor 13
  Max Mhz: 2400, Current Mhz: 2400, Mhz Limit: 2400
Processor Information for processor 14
  Max Mhz: 2400, Current Mhz: 2400, Mhz Limit: 2400
Processor Information for processor 15
  Max Mhz: 2400, Current Mhz: 2400, Mhz Limit: 2400

Memory: 4k page, system-wide physical 24283M (463M free)
TotalPageFile size 34622M (AvailPageFile size 201M)
current process WorkingSet (physical memory assigned to process): 691M, peak: 691M
current process commit charge ("private bytes"): 766M, peak: 767M

vm_info: OpenJDK 64-Bit Server VM (21.0.9+10-LTS) for windows-amd64 JRE (21.0.9+10-LTS), built on 2025-10-21T00:00:00Z by "admin" with unknown MS VC++:1942

END.
